rank,title,year,rating,duration,imdb_rating,genre,movie_url,popularity_score,oscar_wins,oscar_nominations,star_1,star_1_link,star_2,star_2_link,star_3,star_3_link
1,The Shawshank Redemption,,R,,9.3,Drama,https://www.imdb.com/title/tt0111161/,53.0,0,7,Tim Robbins,https://www.imdb.com/name/nm0000209/?ref_=tt_cst_t_1,Morgan Freeman,https://www.imdb.com/name/nm0000151/?ref_=tt_cst_t_2,Bob Gunton,https://www.imdb.com/name/nm0348409/?ref_=tt_cst_t_3
2,The Godfather,,R,,9.2,"Crime, Drama",https://www.imdb.com/title/tt0068646/,74.0,3,0,Marlon Brando,https://www.imdb.com/name/nm0000008/?ref_=tt_cst_t_1,Al Pacino,https://www.imdb.com/name/nm0000199/?ref_=tt_cst_t_2,James Caan,https://www.imdb.com/name/nm0001001/?ref_=tt_cst_t_3
3,The Dark Knight,,PG-13,,9.0,"Action, Crime, Drama",https://www.imdb.com/title/tt0468569/,116.0,2,0,Christian Bale,https://www.imdb.com/name/nm0000288/?ref_=tt_cst_t_1,Heath Ledger,https://www.imdb.com/name/nm0005132/?ref_=tt_cst_t_2,Aaron Eckhart,https://www.imdb.com/name/nm0001173/?ref_=tt_cst_t_3
4,The Godfather Part II,,R,,9.0,"Crime, Drama",https://www.imdb.com/title/tt0071562/,324.0,6,0,Al Pacino,https://www.imdb.com/name/nm0000199/?ref_=tt_cst_t_1,Robert De Niro,https://www.imdb.com/name/nm0000134/?ref_=tt_cst_t_2,Robert Duvall,https://www.imdb.com/name/nm0000380/?ref_=tt_cst_t_3
5,12 Angry Men,,Approved,,9.0,"Crime, Drama",https://www.imdb.com/title/tt0050083/,240.0,0,3,Henry Fonda,https://www.imdb.com/name/nm0000020/?ref_=tt_cst_t_1,Lee J. Cobb,https://www.imdb.com/name/nm0002011/?ref_=tt_cst_t_2,Martin Balsam,https://www.imdb.com/name/nm0000842/?ref_=tt_cst_t_3
6,The Lord of the Rings: The Return of the King,,PG-13,,9.0,"Adventure, Drama, Fantasy",https://www.imdb.com/title/tt0167260/,243.0,11,0,Elijah Wood,https://www.imdb.com/name/nm0000704/?ref_=tt_cst_t_1,Viggo Mortensen,https://www.imdb.com/name/nm0001557/?ref_=tt_cst_t_2,Ian McKellen,https://www.imdb.com/name/nm0005212/?ref_=tt_cst_t_3
7,Schindler&apos;s List,,R,,9.0,"Biography, Drama, History",https://www.imdb.com/title/tt0108052/,140.0,7,0,Liam Neeson,https://www.imdb.com/name/nm0000553/?ref_=tt_cst_t_1,Ralph Fiennes,https://www.imdb.com/name/nm0000146/?ref_=tt_cst_t_2,Ben Kingsley,https://www.imdb.com/name/nm0001426/?ref_=tt_cst_t_3
8,Pulp Fiction,,R,,8.9,"Crime, Drama",https://www.imdb.com/title/tt0110912/,82.0,1,0,John Travolta,https://www.imdb.com/name/nm0000237/?ref_=tt_cst_t_1,Uma Thurman,https://www.imdb.com/name/nm0000235/?ref_=tt_cst_t_2,Samuel L. Jackson,https://www.imdb.com/name/nm0000168/?ref_=tt_cst_t_3
9,The Lord of the Rings: The Fellowship of the Ring,,PG-13,,8.9,"Adventure, Drama, Fantasy",https://www.imdb.com/title/tt0120737/,123.0,4,0,Elijah Wood,https://www.imdb.com/name/nm0000704/?ref_=tt_cst_t_1,Ian McKellen,https://www.imdb.com/name/nm0005212/?ref_=tt_cst_t_2,Orlando Bloom,https://www.imdb.com/name/nm0089217/?ref_=tt_cst_t_3
10,"Il buono, il brutto, il cattivo",,R,,8.8,"Adventure, Drama, Western",https://www.imdb.com/title/tt0060196/,401.0,0,0,Clint Eastwood,https://www.imdb.com/name/nm0000142/?ref_=tt_cst_t_1,Eli Wallach,https://www.imdb.com/name/nm0908919/?ref_=tt_cst_t_2,Lee Van Cleef,https://www.imdb.com/name/nm0001812/?ref_=tt_cst_t_3
11,Forrest Gump,,PG-13,,8.8,"Drama, Romance",https://www.imdb.com/title/tt0109830/,212.0,6,0,Tom Hanks,https://www.imdb.com/name/nm0000158/?ref_=tt_cst_t_1,Robin Wright,https://www.imdb.com/name/nm0000705/?ref_=tt_cst_t_2,Gary Sinise,https://www.imdb.com/name/nm0000641/?ref_=tt_cst_t_3
12,The Lord of the Rings: The Two Towers,,PG-13,,8.8,"Adventure, Drama, Fantasy",https://www.imdb.com/title/tt0167261/,462.0,2,0,Elijah Wood,https://www.imdb.com/name/nm0000704/?ref_=tt_cst_t_1,Ian McKellen,https://www.imdb.com/name/nm0005212/?ref_=tt_cst_t_2,Viggo Mortensen,https://www.imdb.com/name/nm0001557/?ref_=tt_cst_t_3
13,Fight Club,,R,,8.8,Drama,https://www.imdb.com/title/tt0137523/,146.0,0,1,Brad Pitt,https://www.imdb.com/name/nm0000093/?ref_=tt_cst_t_1,Edward Norton,https://www.imdb.com/name/nm0001570/?ref_=tt_cst_t_2,Meat Loaf,https://www.imdb.com/name/nm0001533/?ref_=tt_cst_t_3
14,Inception,,PG-13,,8.8,"Action, Adventure, Sci-Fi",https://www.imdb.com/title/tt1375666/,115.0,4,0,Leonardo DiCaprio,https://www.imdb.com/name/nm0000138/?ref_=tt_cst_t_1,Joseph Gordon-Levitt,https://www.imdb.com/name/nm0330687/?ref_=tt_cst_t_2,Elliot Page,https://www.imdb.com/name/nm0680983/?ref_=tt_cst_t_3
15,Star Wars: Episode V - The Empire Strikes Back,,PG,,8.7,"Action, Adventure, Fantasy",https://www.imdb.com/title/tt0080684/,824.0,1,0,Mark Hamill,https://www.imdb.com/name/nm0000434/?ref_=tt_cst_t_1,Harrison Ford,https://www.imdb.com/name/nm0000148/?ref_=tt_cst_t_2,Carrie Fisher,https://www.imdb.com/name/nm0000402/?ref_=tt_cst_t_3
16,The Matrix,,R,,8.7,"Action, Sci-Fi",https://www.imdb.com/title/tt0133093/,192.0,4,0,Keanu Reeves,https://www.imdb.com/name/nm0000206/?ref_=tt_cst_t_1,Laurence Fishburne,https://www.imdb.com/name/nm0000401/?ref_=tt_cst_t_2,Carrie-Anne Moss,https://www.imdb.com/name/nm0005251/?ref_=tt_cst_t_3
17,GoodFellas,,R,,8.7,"Biography, Crime, Drama",https://www.imdb.com/title/tt0099685/,175.0,1,0,Robert De Niro,https://www.imdb.com/name/nm0000134/?ref_=tt_cst_t_1,Ray Liotta,https://www.imdb.com/name/nm0000501/?ref_=tt_cst_t_2,Joe Pesci,https://www.imdb.com/name/nm0000582/?ref_=tt_cst_t_3
18,One Flew Over the Cuckoo&apos;s Nest,,R,,8.7,Drama,https://www.imdb.com/title/tt0073486/,296.0,5,0,Jack Nicholson,https://www.imdb.com/name/nm0000197/?ref_=tt_cst_t_1,Louise Fletcher,https://www.imdb.com/name/nm0001221/?ref_=tt_cst_t_2,Michael Berryman,https://www.imdb.com/name/nm0077720/?ref_=tt_cst_t_3
19,Interstellar,,PG-13,,8.7,"Adventure, Drama, Sci-Fi",https://www.imdb.com/title/tt0816692/,37.0,1,0,Matthew McConaughey,https://www.imdb.com/name/nm0000190/?ref_=tt_cst_t_1,Anne Hathaway,https://www.imdb.com/name/nm0004266/?ref_=tt_cst_t_2,Jessica Chastain,https://www.imdb.com/name/nm1567113/?ref_=tt_cst_t_3
20,Se7en,,R,,8.6,"Crime, Drama, Mystery",https://www.imdb.com/title/tt0114369/,117.0,0,1,Morgan Freeman,https://www.imdb.com/name/nm0000151/?ref_=tt_cst_t_1,Brad Pitt,https://www.imdb.com/name/nm0000093/?ref_=tt_cst_t_2,Kevin Spacey,https://www.imdb.com/name/nm0000228/?ref_=tt_cst_t_3
21,It&apos;s a Wonderful Life,,PG,,8.6,"Drama, Family, Fantasy",https://www.imdb.com/title/tt0038650/,1303.0,0,5,James Stewart,https://www.imdb.com/name/nm0000071/?ref_=tt_cst_t_1,Donna Reed,https://www.imdb.com/name/nm0001656/?ref_=tt_cst_t_2,Lionel Barrymore,https://www.imdb.com/name/nm0000859/?ref_=tt_cst_t_3
22,Shichinin no samurai,,Not Rated,,8.6,"Action, Drama",https://www.imdb.com/title/tt0047478/,1338.0,0,2,Toshirô Mifune,https://www.imdb.com/name/nm0001536/?ref_=tt_cst_t_1,Takashi Shimura,https://www.imdb.com/name/nm0793766/?ref_=tt_cst_t_2,Keiko Tsushima,https://www.imdb.com/name/nm0875477/?ref_=tt_cst_t_3
23,The Silence of the Lambs,,R,,8.6,"Crime, Drama, Horror",https://www.imdb.com/title/tt0102926/,190.0,5,0,Jodie Foster,https://www.imdb.com/name/nm0000149/?ref_=tt_cst_t_1,Anthony Hopkins,https://www.imdb.com/name/nm0000164/?ref_=tt_cst_t_2,Scott Glenn,https://www.imdb.com/name/nm0001277/?ref_=tt_cst_t_3
24,Saving Private Ryan,,R,,8.6,"Drama, War",https://www.imdb.com/title/tt0120815/,162.0,5,0,Tom Hanks,https://www.imdb.com/name/nm0000158/?ref_=tt_cst_t_1,Matt Damon,https://www.imdb.com/name/nm0000354/?ref_=tt_cst_t_2,Tom Sizemore,https://www.imdb.com/name/nm0001744/?ref_=tt_cst_t_3
25,Cidade de Deus,,R,,8.6,"Crime, Drama",https://www.imdb.com/title/tt0317248/,277.0,0,4,Alexandre Rodrigues,https://www.imdb.com/name/nm1179105/?ref_=tt_cst_t_1,Leandro Firmino,https://www.imdb.com/name/nm1129884/?ref_=tt_cst_t_2,Matheus Nachtergaele,https://www.imdb.com/name/nm0618690/?ref_=tt_cst_t_3
26,The Green Mile,,R,,8.6,"Crime, Drama, Fantasy",https://www.imdb.com/title/tt0120689/,170.0,0,4,Tom Hanks,https://www.imdb.com/name/nm0000158/?ref_=tt_cst_t_1,Michael Clarke Duncan,https://www.imdb.com/name/nm0003817/?ref_=tt_cst_t_2,David Morse,https://www.imdb.com/name/nm0001556/?ref_=tt_cst_t_3
27,La vita è bella,,PG-13,,8.6,"Comedy, Drama, Romance",https://www.imdb.com/title/tt0118799/,427.0,3,0,Roberto Benigni,https://www.imdb.com/name/nm0000905/?ref_=tt_cst_t_1,Nicoletta Braschi,https://www.imdb.com/name/nm0000971/?ref_=tt_cst_t_2,Giorgio Cantarini,https://www.imdb.com/name/nm0134493/?ref_=tt_cst_t_3
28,Terminator 2: Judgment Day,,R,,8.6,"Action, Adventure, Sci-Fi",https://www.imdb.com/title/tt0103064/,381.0,4,0,Arnold Schwarzenegger,https://www.imdb.com/name/nm0000216/?ref_=tt_cst_t_1,Linda Hamilton,https://www.imdb.com/name/nm0000157/?ref_=tt_cst_t_2,Edward Furlong,https://www.imdb.com/name/nm0000411/?ref_=tt_cst_t_3
29,Star Wars,,PG,,8.6,"Action, Adventure, Fantasy",https://www.imdb.com/title/tt0076759/,330.0,6,0,Mark Hamill,https://www.imdb.com/name/nm0000434/?ref_=tt_cst_t_1,Harrison Ford,https://www.imdb.com/name/nm0000148/?ref_=tt_cst_t_2,Carrie Fisher,https://www.imdb.com/name/nm0000402/?ref_=tt_cst_t_3
30,Back to the Future,,PG,,8.5,"Adventure, Comedy, Sci-Fi",https://www.imdb.com/title/tt0088763/,331.0,1,0,Michael J. Fox,https://www.imdb.com/name/nm0000150/?ref_=tt_cst_t_1,Christopher Lloyd,https://www.imdb.com/name/nm0000502/?ref_=tt_cst_t_2,Lea Thompson,https://www.imdb.com/name/nm0000670/?ref_=tt_cst_t_3
31,Sen to Chihiro no kamikakushi,,PG,,8.6,"Animation, Adventure, Family",https://www.imdb.com/title/tt0245429/,433.0,1,0,Daveigh Chase,https://www.imdb.com/name/nm0153738/?ref_=tt_cst_t_1,Suzanne Pleshette,https://www.imdb.com/name/nm0687189/?ref_=tt_cst_t_2,Miyu Irino,https://www.imdb.com/name/nm0997115/?ref_=tt_cst_t_3
32,The Pianist,,R,,8.5,"Biography, Drama, Music",https://www.imdb.com/title/tt0253474/,92.0,3,0,Adrien Brody,https://www.imdb.com/name/nm0004778/?ref_=tt_cst_t_1,Thomas Kretschmann,https://www.imdb.com/name/nm0470981/?ref_=tt_cst_t_2,Frank Finlay,https://www.imdb.com/name/nm0277975/?ref_=tt_cst_t_3
33,Gladiator,,R,,8.5,"Action, Adventure, Drama",https://www.imdb.com/title/tt0172495/,86.0,5,0,Russell Crowe,https://www.imdb.com/name/nm0000128/?ref_=tt_cst_t_1,Joaquin Phoenix,https://www.imdb.com/name/nm0001618/?ref_=tt_cst_t_2,Connie Nielsen,https://www.imdb.com/name/nm0001567/?ref_=tt_cst_t_3
34,Gisaengchung,,R,,8.5,"Drama, Thriller",https://www.imdb.com/title/tt6751668/,58.0,4,0,Song Kang-ho,https://www.imdb.com/name/nm0814280/?ref_=tt_cst_t_1,Lee Sun-kyun,https://www.imdb.com/name/nm1310525/?ref_=tt_cst_t_2,Cho Yeo-jeong,https://www.imdb.com/name/nm1856097/?ref_=tt_cst_t_3
35,Psycho,,R,,8.5,"Horror, Mystery, Thriller",https://www.imdb.com/title/tt0054215/,786.0,0,4,Anthony Perkins,https://www.imdb.com/name/nm0000578/?ref_=tt_cst_t_1,Janet Leigh,https://www.imdb.com/name/nm0001463/?ref_=tt_cst_t_2,Vera Miles,https://www.imdb.com/name/nm0587256/?ref_=tt_cst_t_3
36,The Lion King,,G,,8.5,"Animation, Adventure, Drama",https://www.imdb.com/title/tt0110357/,364.0,2,0,Matthew Broderick,https://www.imdb.com/name/nm0000111/?ref_=tt_cst_t_1,Jeremy Irons,https://www.imdb.com/name/nm0000460/?ref_=tt_cst_t_2,James Earl Jones,https://www.imdb.com/name/nm0000469/?ref_=tt_cst_t_3
37,Hotaru no haka,,Not Rated,,8.5,"Animation, Drama, War",https://www.imdb.com/title/tt0095327/,681.0,0,0,Tsutomu Tatsumi,https://www.imdb.com/name/nm0851302/?ref_=tt_cst_t_1,Ayano Shiraishi,https://www.imdb.com/name/nm0794186/?ref_=tt_cst_t_2,Akemi Yamaguchi,https://www.imdb.com/name/nm0945312/?ref_=tt_cst_t_3
38,The Departed,,R,,8.5,"Crime, Drama, Thriller",https://www.imdb.com/title/tt0407887/,159.0,4,0,Leonardo DiCaprio,https://www.imdb.com/name/nm0000138/?ref_=tt_cst_t_1,Matt Damon,https://www.imdb.com/name/nm0000354/?ref_=tt_cst_t_2,Jack Nicholson,https://www.imdb.com/name/nm0000197/?ref_=tt_cst_t_3
39,Whiplash,,R,,8.5,"Drama, Music",https://www.imdb.com/title/tt2582802/,147.0,3,0,Miles Teller,https://www.imdb.com/name/nm1886602/?ref_=tt_cst_t_1,J.K. Simmons,https://www.imdb.com/name/nm0799777/?ref_=tt_cst_t_2,Melissa Benoist,https://www.imdb.com/name/nm2552034/?ref_=tt_cst_t_3
40,Seppuku,,Not Rated,,8.6,"Drama, Mystery",https://www.imdb.com/title/tt0056058/,1746.0,0,0,Tatsuya Nakadai,https://www.imdb.com/name/nm0619938/?ref_=tt_cst_t_1,Akira Ishihama,https://www.imdb.com/name/nm0410968/?ref_=tt_cst_t_2,Shima Iwashita,https://www.imdb.com/name/nm0412615/?ref_=tt_cst_t_3
41,American History X,,R,,8.5,"Crime, Drama",https://www.imdb.com/title/tt0120586/,326.0,0,1,Edward Norton,https://www.imdb.com/name/nm0001570/?ref_=tt_cst_t_1,Edward Furlong,https://www.imdb.com/name/nm0000411/?ref_=tt_cst_t_2,Beverly D'Angelo,https://www.imdb.com/name/nm0000350/?ref_=tt_cst_t_3
42,The Prestige,,PG-13,,8.5,"Drama, Mystery, Sci-Fi",https://www.imdb.com/title/tt0482571/,198.0,0,2,Christian Bale,https://www.imdb.com/name/nm0000288/?ref_=tt_cst_t_1,Hugh Jackman,https://www.imdb.com/name/nm0413168/?ref_=tt_cst_t_2,Scarlett Johansson,https://www.imdb.com/name/nm0424060/?ref_=tt_cst_t_3
43,Léon,,R,,8.5,"Action, Crime, Drama",https://www.imdb.com/title/tt0110413/,250.0,0,0,Jean Reno,https://www.imdb.com/name/nm0000606/?ref_=tt_cst_t_1,Gary Oldman,https://www.imdb.com/name/nm0000198/?ref_=tt_cst_t_2,Natalie Portman,https://www.imdb.com/name/nm0000204/?ref_=tt_cst_t_3
44,Spider-Man: Across the Spider-Verse,,PG,,8.5,"Animation, Action, Adventure",https://www.imdb.com/title/tt9362722/,405.0,0,1,Shameik Moore,https://www.imdb.com/name/nm4271336/?ref_=tt_cst_t_1,Hailee Steinfeld,https://www.imdb.com/name/nm2794962/?ref_=tt_cst_t_2,Brian Tyree Henry,https://www.imdb.com/name/nm3109964/?ref_=tt_cst_t_3
45,Casablanca,,PG,,8.5,"Drama, Romance, War",https://www.imdb.com/title/tt0034583/,556.0,3,0,Humphrey Bogart,https://www.imdb.com/name/nm0000007/?ref_=tt_cst_t_1,Ingrid Bergman,https://www.imdb.com/name/nm0000006/?ref_=tt_cst_t_2,Paul Henreid,https://www.imdb.com/name/nm0002134/?ref_=tt_cst_t_3
46,The Usual Suspects,,R,,8.5,"Crime, Drama, Mystery",https://www.imdb.com/title/tt0114814/,329.0,2,0,Kevin Spacey,https://www.imdb.com/name/nm0000228/?ref_=tt_cst_t_1,Gabriel Byrne,https://www.imdb.com/name/nm0000321/?ref_=tt_cst_t_2,Chazz Palminteri,https://www.imdb.com/name/nm0001590/?ref_=tt_cst_t_3
47,Intouchables,,R,,8.5,"Comedy, Drama",https://www.imdb.com/title/tt1675434/,683.0,0,1,François Cluzet,https://www.imdb.com/name/nm0167388/?ref_=tt_cst_t_1,Omar Sy,https://www.imdb.com/name/nm1082477/?ref_=tt_cst_t_2,Anne Le Ny,https://www.imdb.com/name/nm0494504/?ref_=tt_cst_t_3
48,Nuovo Cinema Paradiso,,PG,,8.5,"Drama, Romance",https://www.imdb.com/title/tt0095765/,1493.0,1,0,Philippe Noiret,https://www.imdb.com/name/nm0634159/?ref_=tt_cst_t_1,Enzo Cannavale,https://www.imdb.com/name/nm0134073/?ref_=tt_cst_t_2,Antonella Attili,https://www.imdb.com/name/nm0041066/?ref_=tt_cst_t_3
49,Modern Times,,G,,8.5,"Comedy, Drama, Romance",https://www.imdb.com/title/tt0027977/,,0,0,Charles Chaplin,https://www.imdb.com/name/nm0000122/?ref_=tt_cst_t_1,Paulette Goddard,https://www.imdb.com/name/nm0002104/?ref_=tt_cst_t_2,Henry Bergman,https://www.imdb.com/name/nm0074788/?ref_=tt_cst_t_3
50,Alien,,R,,8.5,"Horror, Sci-Fi",https://www.imdb.com/title/tt0078748/,264.0,1,0,Sigourney Weaver,https://www.imdb.com/name/nm0000244/?ref_=tt_cst_t_1,Tom Skerritt,https://www.imdb.com/name/nm0000643/?ref_=tt_cst_t_2,John Hurt,https://www.imdb.com/name/nm0000457/?ref_=tt_cst_t_3
51,Rear Window,,PG,,8.5,"Drama, Mystery, Thriller",https://www.imdb.com/title/tt0047396/,1649.0,0,4,James Stewart,https://www.imdb.com/name/nm0000071/?ref_=tt_cst_t_1,Grace Kelly,https://www.imdb.com/name/nm0000038/?ref_=tt_cst_t_2,Wendell Corey,https://www.imdb.com/name/nm0179819/?ref_=tt_cst_t_3
52,C&apos;era una volta il West,,PG-13,,8.5,"Drama, Western",https://www.imdb.com/title/tt0064116/,565.0,0,0,Henry Fonda,https://www.imdb.com/name/nm0000020/?ref_=tt_cst_t_1,Charles Bronson,https://www.imdb.com/name/nm0000314/?ref_=tt_cst_t_2,Claudia Cardinale,https://www.imdb.com/name/nm0001012/?ref_=tt_cst_t_3
53,Django Unchained,,R,,8.5,"Comedy, Drama, Western",https://www.imdb.com/title/tt1853728/,169.0,2,0,Jamie Foxx,https://www.imdb.com/name/nm0004937/?ref_=tt_cst_t_1,Christoph Waltz,https://www.imdb.com/name/nm0910607/?ref_=tt_cst_t_2,Leonardo DiCaprio,https://www.imdb.com/name/nm0000138/?ref_=tt_cst_t_3
54,City Lights,,G,,8.5,"Comedy, Drama, Romance",https://www.imdb.com/title/tt0021749/,4707.0,0,0,Charles Chaplin,https://www.imdb.com/name/nm0000122/?ref_=tt_cst_t_1,Virginia Cherrill,https://www.imdb.com/name/nm0156039/?ref_=tt_cst_t_2,Florence Lee,https://www.imdb.com/name/nm5681967/?ref_=tt_cst_t_3
55,Apocalypse Now,,R,,8.4,"Drama, Mystery, War",https://www.imdb.com/title/tt0078788/,260.0,2,0,Martin Sheen,https://www.imdb.com/name/nm0000640/?ref_=tt_cst_t_1,Marlon Brando,https://www.imdb.com/name/nm0000008/?ref_=tt_cst_t_2,Robert Duvall,https://www.imdb.com/name/nm0000380/?ref_=tt_cst_t_3
56,Dune: Part Two,,PG-13,,8.5,"Action, Adventure, Drama",https://www.imdb.com/title/tt15239678/,31.0,2,0,Timothée Chalamet,https://www.imdb.com/name/nm3154303/?ref_=tt_cst_t_1,Zendaya,https://www.imdb.com/name/nm3918035/?ref_=tt_cst_t_2,Rebecca Ferguson,https://www.imdb.com/name/nm0272581/?ref_=tt_cst_t_3
57,Memento,,R,,8.4,"Mystery, Thriller",https://www.imdb.com/title/tt0209144/,337.0,0,2,Guy Pearce,https://www.imdb.com/name/nm0001602/?ref_=tt_cst_t_1,Carrie-Anne Moss,https://www.imdb.com/name/nm0005251/?ref_=tt_cst_t_2,Joe Pantoliano,https://www.imdb.com/name/nm0001592/?ref_=tt_cst_t_3
58,WALL·E,,G,,8.4,"Animation, Adventure, Family",https://www.imdb.com/title/tt0910970/,809.0,1,0,Ben Burtt,https://www.imdb.com/name/nm0123785/?ref_=tt_cst_t_1,Elissa Knight,https://www.imdb.com/name/nm2264184/?ref_=tt_cst_t_2,Jeff Garlin,https://www.imdb.com/name/nm0307531/?ref_=tt_cst_t_3
59,Raiders of the Lost Ark,,PG,,8.4,"Action, Adventure",https://www.imdb.com/title/tt0082971/,630.0,4,0,Harrison Ford,https://www.imdb.com/name/nm0000148/?ref_=tt_cst_t_1,Karen Allen,https://www.imdb.com/name/nm0000261/?ref_=tt_cst_t_2,Paul Freeman,https://www.imdb.com/name/nm0293550/?ref_=tt_cst_t_3
60,Das Leben der Anderen,,R,,8.4,"Drama, Mystery, Thriller",https://www.imdb.com/title/tt0405094/,996.0,1,0,Ulrich Mühe,https://www.imdb.com/name/nm0618057/?ref_=tt_cst_t_1,Martina Gedeck,https://www.imdb.com/name/nm0311476/?ref_=tt_cst_t_2,Sebastian Koch,https://www.imdb.com/name/nm0462407/?ref_=tt_cst_t_3
61,Avengers: Infinity War,,PG-13,,8.4,"Action, Adventure, Sci-Fi",https://www.imdb.com/title/tt4154756/,354.0,0,1,Robert Downey Jr.,https://www.imdb.com/name/nm0000375/?ref_=tt_cst_t_1,Chris Hemsworth,https://www.imdb.com/name/nm1165110/?ref_=tt_cst_t_2,Mark Ruffalo,https://www.imdb.com/name/nm0749263/?ref_=tt_cst_t_3
62,Sunset Boulevard,,Approved,,8.4,"Drama, Film-Noir",https://www.imdb.com/title/tt0043014/,1853.0,3,0,William Holden,https://www.imdb.com/name/nm0000034/?ref_=tt_cst_t_1,Gloria Swanson,https://www.imdb.com/name/nm0841797/?ref_=tt_cst_t_2,Erich von Stroheim,https://www.imdb.com/name/nm0002233/?ref_=tt_cst_t_3
63,Spider-Man: Into the Spider-Verse,,PG,,8.4,"Animation, Action, Adventure",https://www.imdb.com/title/tt4633694/,625.0,1,0,Shameik Moore,https://www.imdb.com/name/nm4271336/?ref_=tt_cst_t_1,Jake Johnson,https://www.imdb.com/name/nm2159926/?ref_=tt_cst_t_2,Hailee Steinfeld,https://www.imdb.com/name/nm2794962/?ref_=tt_cst_t_3
64,Paths of Glory,,Approved,,8.4,"Drama, War",https://www.imdb.com/title/tt0050825/,3531.0,0,1,Kirk Douglas,https://www.imdb.com/name/nm0000018/?ref_=tt_cst_t_1,Ralph Meeker,https://www.imdb.com/name/nm0576127/?ref_=tt_cst_t_2,Adolphe Menjou,https://www.imdb.com/name/nm0579663/?ref_=tt_cst_t_3
65,Witness for the Prosecution,,Approved,,8.4,"Crime, Drama, Mystery",https://www.imdb.com/title/tt0051201/,2815.0,0,6,Tyrone Power,https://www.imdb.com/name/nm0000061/?ref_=tt_cst_t_1,Marlene Dietrich,https://www.imdb.com/name/nm0000017/?ref_=tt_cst_t_2,Charles Laughton,https://www.imdb.com/name/nm0001452/?ref_=tt_cst_t_3
66,The Shining,,R,,8.4,"Drama, Horror",https://www.imdb.com/title/tt0081505/,301.0,0,0,Jack Nicholson,https://www.imdb.com/name/nm0000197/?ref_=tt_cst_t_1,Shelley Duvall,https://www.imdb.com/name/nm0001167/?ref_=tt_cst_t_2,Danny Lloyd,https://www.imdb.com/name/nm0515950/?ref_=tt_cst_t_3
67,The Great Dictator,,G,,8.4,"Comedy, Drama, War",https://www.imdb.com/title/tt0032553/,4375.0,0,5,Charles Chaplin,https://www.imdb.com/name/nm0000122/?ref_=tt_cst_t_1,Paulette Goddard,https://www.imdb.com/name/nm0002104/?ref_=tt_cst_t_2,Jack Oakie,https://www.imdb.com/name/nm0642988/?ref_=tt_cst_t_3
68,12th Fail,,,,8.8,"Biography, Drama",https://www.imdb.com/title/tt23849204/,821.0,0,0,Vikrant Massey,https://www.imdb.com/name/nm5447706/?ref_=tt_cst_t_1,Medha Shankr,https://www.imdb.com/name/nm10791162/?ref_=tt_cst_t_2,Anant Joshi,https://www.imdb.com/name/nm8910763/?ref_=tt_cst_t_3
69,Aliens,,R,,8.4,"Action, Adventure, Horror",https://www.imdb.com/title/tt0090605/,566.0,2,0,Sigourney Weaver,https://www.imdb.com/name/nm0000244/?ref_=tt_cst_t_1,Michael Biehn,https://www.imdb.com/name/nm0000299/?ref_=tt_cst_t_2,Carrie Henn,https://www.imdb.com/name/nm0001343/?ref_=tt_cst_t_3
70,Inglourious Basterds,,R,,8.4,"Adventure, Drama, War",https://www.imdb.com/title/tt0361748/,129.0,1,0,Brad Pitt,https://www.imdb.com/name/nm0000093/?ref_=tt_cst_t_1,Diane Kruger,https://www.imdb.com/name/nm1208167/?ref_=tt_cst_t_2,Eli Roth,https://www.imdb.com/name/nm0744834/?ref_=tt_cst_t_3
71,The Dark Knight Rises,,PG-13,,8.4,"Action, Drama, Thriller",https://www.imdb.com/title/tt1345836/,297.0,0,1,Christian Bale,https://www.imdb.com/name/nm0000288/?ref_=tt_cst_t_1,Tom Hardy,https://www.imdb.com/name/nm0362766/?ref_=tt_cst_t_2,Anne Hathaway,https://www.imdb.com/name/nm0004266/?ref_=tt_cst_t_3
72,Coco,,PG,,8.4,"Animation, Adventure, Drama",https://www.imdb.com/title/tt2380307/,900.0,2,0,Anthony Gonzalez,https://www.imdb.com/name/nm5645519/?ref_=tt_cst_t_1,Gael García Bernal,https://www.imdb.com/name/nm0305558/?ref_=tt_cst_t_2,Benjamin Bratt,https://www.imdb.com/name/nm0000973/?ref_=tt_cst_t_3
73,Amadeus,,PG,,8.4,"Biography, Drama, Music",https://www.imdb.com/title/tt0086879/,325.0,8,0,F. Murray Abraham,https://www.imdb.com/name/nm0000719/?ref_=tt_cst_t_1,Tom Hulce,https://www.imdb.com/name/nm0001371/?ref_=tt_cst_t_2,Elizabeth Berridge,https://www.imdb.com/name/nm0000931/?ref_=tt_cst_t_3
74,Toy Story,,G,,8.3,"Animation, Adventure, Comedy",https://www.imdb.com/title/tt0114709/,845.0,0,3,Tom Hanks,https://www.imdb.com/name/nm0000158/?ref_=tt_cst_t_1,Tim Allen,https://www.imdb.com/name/nm0000741/?ref_=tt_cst_t_2,Don Rickles,https://www.imdb.com/name/nm0725543/?ref_=tt_cst_t_3
75,Avengers: Endgame,,PG-13,,8.4,"Action, Adventure, Sci-Fi",https://www.imdb.com/title/tt4154796/,203.0,0,1,Robert Downey Jr.,https://www.imdb.com/name/nm0000375/?ref_=tt_cst_t_1,Chris Evans,https://www.imdb.com/name/nm0262635/?ref_=tt_cst_t_2,Mark Ruffalo,https://www.imdb.com/name/nm0749263/?ref_=tt_cst_t_3
76,Good Will Hunting,,R,,8.3,"Drama, Romance",https://www.imdb.com/title/tt0119217/,230.0,2,0,Robin Williams,https://www.imdb.com/name/nm0000245/?ref_=tt_cst_t_1,Matt Damon,https://www.imdb.com/name/nm0000354/?ref_=tt_cst_t_2,Ben Affleck,https://www.imdb.com/name/nm0000255/?ref_=tt_cst_t_3
77,Oldeuboi,,R,,8.3,"Action, Drama, Mystery",https://www.imdb.com/title/tt0364569/,295.0,0,0,Choi Min-sik,https://www.imdb.com/name/nm0158856/?ref_=tt_cst_t_1,Yoo Ji-tae,https://www.imdb.com/name/nm0949167/?ref_=tt_cst_t_2,Kang Hye-jeong,https://www.imdb.com/name/nm1367246/?ref_=tt_cst_t_3
78,Dr. Strangelove or: How I Learned to Stop Worrying and Love the Bomb,,PG,,8.3,"Comedy, War",https://www.imdb.com/title/tt0057012/,1163.0,0,4,Peter Sellers,https://www.imdb.com/name/nm0000634/?ref_=tt_cst_t_1,George C. Scott,https://www.imdb.com/name/nm0001715/?ref_=tt_cst_t_2,Sterling Hayden,https://www.imdb.com/name/nm0001330/?ref_=tt_cst_t_3
79,American Beauty,,R,,8.3,Drama,https://www.imdb.com/title/tt0169547/,167.0,5,0,Kevin Spacey,https://www.imdb.com/name/nm0000228/?ref_=tt_cst_t_1,Annette Bening,https://www.imdb.com/name/nm0000906/?ref_=tt_cst_t_2,Thora Birch,https://www.imdb.com/name/nm0000301/?ref_=tt_cst_t_3
80,Das Boot,,,,8.4,"Drama, War",https://www.imdb.com/title/tt0082096/,2096.0,0,6,Jürgen Prochnow,https://www.imdb.com/name/nm0001638/?ref_=tt_cst_t_1,Herbert Grönemeyer,https://www.imdb.com/name/nm0344963/?ref_=tt_cst_t_2,Klaus Wennemann,https://www.imdb.com/name/nm0921044/?ref_=tt_cst_t_3
81,Braveheart,,R,,8.3,"Biography, Drama, War",https://www.imdb.com/title/tt0112573/,418.0,5,0,Mel Gibson,https://www.imdb.com/name/nm0000154/?ref_=tt_cst_t_1,Sophie Marceau,https://www.imdb.com/name/nm0000521/?ref_=tt_cst_t_2,Patrick McGoohan,https://www.imdb.com/name/nm0001526/?ref_=tt_cst_t_3
82,Mononoke-hime,,PG-13,,8.3,"Animation, Adventure, Fantasy",https://www.imdb.com/title/tt0119698/,1316.0,0,0,Yôji Matsuda,https://www.imdb.com/name/nm0559444/?ref_=tt_cst_t_1,Yuriko Ishida,https://www.imdb.com/name/nm0410942/?ref_=tt_cst_t_2,Yûko Tanaka,https://www.imdb.com/name/nm0849100/?ref_=tt_cst_t_3
83,Kimi no na wa.,,,,8.4,"Animation, Drama, Fantasy",https://www.imdb.com/title/tt5311514/,799.0,0,0,Ryûnosuke Kamiki,https://www.imdb.com/name/nm1126340/?ref_=tt_cst_t_1,Mone Kamishiraishi,https://www.imdb.com/name/nm4759838/?ref_=tt_cst_t_2,Ryo Narita,https://www.imdb.com/name/nm6954008/?ref_=tt_cst_t_3
84,Tengoku to jigoku,,Not Rated,,8.4,"Crime, Drama, Mystery",https://www.imdb.com/title/tt0057565/,4596.0,0,0,Toshirô Mifune,https://www.imdb.com/name/nm0001536/?ref_=tt_cst_t_1,Yutaka Sada,https://www.imdb.com/name/nm0755403/?ref_=tt_cst_t_2,Tatsuya Nakadai,https://www.imdb.com/name/nm0619938/?ref_=tt_cst_t_3
85,3 Idiots,,PG-13,,8.4,"Comedy, Drama",https://www.imdb.com/title/tt1187043/,1075.0,0,0,Aamir Khan,https://www.imdb.com/name/nm0451148/?ref_=tt_cst_t_1,Madhavan,https://www.imdb.com/name/nm0534856/?ref_=tt_cst_t_2,Mona Singh,https://www.imdb.com/name/nm1587175/?ref_=tt_cst_t_3
86,Joker,,R,,8.3,"Crime, Drama, Thriller",https://www.imdb.com/title/tt7286456/,483.0,2,0,Joaquin Phoenix,https://www.imdb.com/name/nm0001618/?ref_=tt_cst_t_1,Robert De Niro,https://www.imdb.com/name/nm0000134/?ref_=tt_cst_t_2,Zazie Beetz,https://www.imdb.com/name/nm5939164/?ref_=tt_cst_t_3
87,Once Upon a Time in America,,R,,8.3,"Crime, Drama",https://www.imdb.com/title/tt0087843/,514.0,2,0,Robert De Niro,https://www.imdb.com/name/nm0000134/?ref_=tt_cst_t_1,James Woods,https://www.imdb.com/name/nm0000249/?ref_=tt_cst_t_2,Elizabeth McGovern,https://www.imdb.com/name/nm0001527/?ref_=tt_cst_t_3
88,Capharnaüm,,R,,8.4,Drama,https://www.imdb.com/title/tt8267604/,1781.0,0,1,Zain Al Rafeea,https://www.imdb.com/name/nm9862858/?ref_=tt_cst_t_1,Yordanos Shiferaw,https://www.imdb.com/name/nm9862859/?ref_=tt_cst_t_2,Boluwatife Treasure Bankole,https://www.imdb.com/name/nm9862860/?ref_=tt_cst_t_3
89,Singin&apos; in the Rain,,G,,8.3,"Comedy, Musical, Romance",https://www.imdb.com/title/tt0045152/,2115.0,0,2,Gene Kelly,https://www.imdb.com/name/nm0000037/?ref_=tt_cst_t_1,Donald O'Connor,https://www.imdb.com/name/nm0640307/?ref_=tt_cst_t_2,Debbie Reynolds,https://www.imdb.com/name/nm0001666/?ref_=tt_cst_t_3
90,Idi i smotri,,Not Rated,,8.3,"Drama, Thriller, War",https://www.imdb.com/title/tt0091251/,491.0,0,0,Aleksey Kravchenko,https://www.imdb.com/name/nm0470385/?ref_=tt_cst_t_1,Olga Mironova,https://www.imdb.com/name/nm0592500/?ref_=tt_cst_t_2,Liubomiras Laucevicius,https://www.imdb.com/name/nm0490708/?ref_=tt_cst_t_3
91,Requiem for a Dream,,NC-17,,8.3,Drama,https://www.imdb.com/title/tt0180093/,224.0,0,1,Ellen Burstyn,https://www.imdb.com/name/nm0000995/?ref_=tt_cst_t_1,Jared Leto,https://www.imdb.com/name/nm0001467/?ref_=tt_cst_t_2,Jennifer Connelly,https://www.imdb.com/name/nm0000124/?ref_=tt_cst_t_3
92,Toy Story 3,,G,,8.3,"Animation, Adventure, Comedy",https://www.imdb.com/title/tt0435761/,1357.0,2,0,Tom Hanks,https://www.imdb.com/name/nm0000158/?ref_=tt_cst_t_1,Tim Allen,https://www.imdb.com/name/nm0000741/?ref_=tt_cst_t_2,Joan Cusack,https://www.imdb.com/name/nm0000349/?ref_=tt_cst_t_3
93,Star Wars: Episode VI - Return of the Jedi,,PG,,8.3,"Action, Adventure, Fantasy",https://www.imdb.com/title/tt0086190/,1187.0,0,4,Mark Hamill,https://www.imdb.com/name/nm0000434/?ref_=tt_cst_t_1,Harrison Ford,https://www.imdb.com/name/nm0000148/?ref_=tt_cst_t_2,Carrie Fisher,https://www.imdb.com/name/nm0000402/?ref_=tt_cst_t_3
94,Jagten,,R,,8.3,Drama,https://www.imdb.com/title/tt2106476/,654.0,0,1,Mads Mikkelsen,https://www.imdb.com/name/nm0586568/?ref_=tt_cst_t_1,Thomas Bo Larsen,https://www.imdb.com/name/nm0488917/?ref_=tt_cst_t_2,Annika Wedderkopp,https://www.imdb.com/name/nm5038871/?ref_=tt_cst_t_3
95,Eternal Sunshine of the Spotless Mind,,R,,8.3,"Drama, Romance, Sci-Fi",https://www.imdb.com/title/tt0338013/,219.0,1,0,Jim Carrey,https://www.imdb.com/name/nm0000120/?ref_=tt_cst_t_1,Kate Winslet,https://www.imdb.com/name/nm0000701/?ref_=tt_cst_t_2,Tom Wilkinson,https://www.imdb.com/name/nm0929489/?ref_=tt_cst_t_3
96,Ikiru,,Not Rated,,8.3,Drama,https://www.imdb.com/title/tt0044741/,4282.0,0,1,Takashi Shimura,https://www.imdb.com/name/nm0793766/?ref_=tt_cst_t_1,Nobuo Kaneko,https://www.imdb.com/name/nm0437520/?ref_=tt_cst_t_2,Shin'ichi Himori,https://www.imdb.com/name/nm0385443/?ref_=tt_cst_t_3
97,2001: A Space Odyssey,,G,,8.3,"Adventure, Sci-Fi",https://www.imdb.com/title/tt0062622/,283.0,1,0,Keir Dullea,https://www.imdb.com/name/nm0001158/?ref_=tt_cst_t_1,Gary Lockwood,https://www.imdb.com/name/nm0516972/?ref_=tt_cst_t_2,William Sylvester,https://www.imdb.com/name/nm0843213/?ref_=tt_cst_t_3
98,Reservoir Dogs,,R,,8.3,"Crime, Thriller",https://www.imdb.com/title/tt0105236/,715.0,0,0,Harvey Keitel,https://www.imdb.com/name/nm0000172/?ref_=tt_cst_t_1,Tim Roth,https://www.imdb.com/name/nm0000619/?ref_=tt_cst_t_2,Michael Madsen,https://www.imdb.com/name/nm0000514/?ref_=tt_cst_t_3
99,The Apartment,,Approved,,8.3,"Comedy, Drama, Romance",https://www.imdb.com/title/tt0053604/,2121.0,5,0,Jack Lemmon,https://www.imdb.com/name/nm0000493/?ref_=tt_cst_t_1,Shirley MacLaine,https://www.imdb.com/name/nm0000511/?ref_=tt_cst_t_2,Fred MacMurray,https://www.imdb.com/name/nm0534045/?ref_=tt_cst_t_3
100,Incendies,,R,,8.3,"Drama, Mystery, War",https://www.imdb.com/title/tt1255953/,372.0,0,1,Lubna Azabal,https://www.imdb.com/name/nm0044073/?ref_=tt_cst_t_1,Mélissa Désormeaux-Poulin,https://www.imdb.com/name/nm0246386/?ref_=tt_cst_t_2,Maxim Gaudette,https://www.imdb.com/name/nm0309945/?ref_=tt_cst_t_3
101,Lawrence of Arabia,,PG,,8.3,"Adventure, Biography, Drama",https://www.imdb.com/title/tt0056172/,924.0,7,0,Peter O'Toole,https://www.imdb.com/name/nm0000564/?ref_=tt_cst_t_1,Alec Guinness,https://www.imdb.com/name/nm0000027/?ref_=tt_cst_t_2,Anthony Quinn,https://www.imdb.com/name/nm0000063/?ref_=tt_cst_t_3
102,Scarface,,R,,8.3,"Crime, Drama",https://www.imdb.com/title/tt0086250/,537.0,0,0,Al Pacino,https://www.imdb.com/name/nm0000199/?ref_=tt_cst_t_1,Michelle Pfeiffer,https://www.imdb.com/name/nm0000201/?ref_=tt_cst_t_2,Steven Bauer,https://www.imdb.com/name/nm0000874/?ref_=tt_cst_t_3
103,Double Indemnity,,Approved,,8.3,"Crime, Drama, Film-Noir",https://www.imdb.com/title/tt0036775/,3966.0,0,7,Fred MacMurray,https://www.imdb.com/name/nm0534045/?ref_=tt_cst_t_1,Barbara Stanwyck,https://www.imdb.com/name/nm0001766/?ref_=tt_cst_t_2,Edward G. Robinson,https://www.imdb.com/name/nm0000064/?ref_=tt_cst_t_3
104,North by Northwest,,Approved,,8.3,"Adventure, Drama, Mystery",https://www.imdb.com/title/tt0053125/,532.0,0,3,Cary Grant,https://www.imdb.com/name/nm0000026/?ref_=tt_cst_t_1,Eva Marie Saint,https://www.imdb.com/name/nm0001693/?ref_=tt_cst_t_2,James Mason,https://www.imdb.com/name/nm0000051/?ref_=tt_cst_t_3
105,Heat,,R,,8.3,"Action, Crime, Drama",https://www.imdb.com/title/tt0113277/,238.0,0,0,Al Pacino,https://www.imdb.com/name/nm0000199/?ref_=tt_cst_t_1,Robert De Niro,https://www.imdb.com/name/nm0000134/?ref_=tt_cst_t_2,Val Kilmer,https://www.imdb.com/name/nm0000174/?ref_=tt_cst_t_3
106,Citizen Kane,,PG,,8.3,"Drama, Mystery",https://www.imdb.com/title/tt0033467/,1058.0,1,0,Orson Welles,https://www.imdb.com/name/nm0000080/?ref_=tt_cst_t_1,Joseph Cotten,https://www.imdb.com/name/nm0001072/?ref_=tt_cst_t_2,Dorothy Comingore,https://www.imdb.com/name/nm0173827/?ref_=tt_cst_t_3
107,Up,,PG,,8.3,"Animation, Adventure, Comedy",https://www.imdb.com/title/tt1049413/,1025.0,2,0,Edward Asner,https://www.imdb.com/name/nm0000799/?ref_=tt_cst_t_1,Jordan Nagai,https://www.imdb.com/name/nm2973712/?ref_=tt_cst_t_2,John Ratzenberger,https://www.imdb.com/name/nm0001652/?ref_=tt_cst_t_3
108,M - Eine Stadt sucht einen Mörder,,Passed,,8.3,"Crime, Mystery, Thriller",https://www.imdb.com/title/tt0022100/,3657.0,0,0,Peter Lorre,https://www.imdb.com/name/nm0000048/?ref_=tt_cst_t_1,Ellen Widmann,https://www.imdb.com/name/nm0927145/?ref_=tt_cst_t_2,Inge Landgut,https://www.imdb.com/name/nm0484737/?ref_=tt_cst_t_3
109,Full Metal Jacket,,R,,8.2,"Drama, War",https://www.imdb.com/title/tt0093058/,536.0,0,1,Matthew Modine,https://www.imdb.com/name/nm0000546/?ref_=tt_cst_t_1,R. Lee Ermey,https://www.imdb.com/name/nm0000388/?ref_=tt_cst_t_2,Vincent D'Onofrio,https://www.imdb.com/name/nm0000352/?ref_=tt_cst_t_3
110,Vertigo,,PG,,8.3,"Mystery, Romance, Thriller",https://www.imdb.com/title/tt0052357/,1360.0,0,2,James Stewart,https://www.imdb.com/name/nm0000071/?ref_=tt_cst_t_1,Kim Novak,https://www.imdb.com/name/nm0001571/?ref_=tt_cst_t_2,Barbara Bel Geddes,https://www.imdb.com/name/nm0000895/?ref_=tt_cst_t_3
111,Le fabuleux destin d&apos;Amélie Poulain,,R,,8.3,"Comedy, Romance",https://www.imdb.com/title/tt0211915/,498.0,0,5,Audrey Tautou,https://www.imdb.com/name/nm0851582/?ref_=tt_cst_t_1,Mathieu Kassovitz,https://www.imdb.com/name/nm0440913/?ref_=tt_cst_t_2,Rufus,https://www.imdb.com/name/nm0749363/?ref_=tt_cst_t_3
112,A Clockwork Orange,,R,,8.2,"Crime, Sci-Fi",https://www.imdb.com/title/tt0066921/,467.0,0,4,Malcolm McDowell,https://www.imdb.com/name/nm0000532/?ref_=tt_cst_t_1,Patrick Magee,https://www.imdb.com/name/nm0535861/?ref_=tt_cst_t_2,Michael Bates,https://www.imdb.com/name/nm0060988/?ref_=tt_cst_t_3
113,Jodaeiye Nader az Simin,,PG-13,,8.3,Drama,https://www.imdb.com/title/tt1832382/,2507.0,1,0,Payman Maadi,https://www.imdb.com/name/nm1818216/?ref_=tt_cst_t_1,Leila Hatami,https://www.imdb.com/name/nm0368689/?ref_=tt_cst_t_2,Sareh Bayat,https://www.imdb.com/name/nm4299147/?ref_=tt_cst_t_3
114,To Kill a Mockingbird,,Approved,,8.3,"Crime, Drama",https://www.imdb.com/title/tt0056592/,1712.0,3,0,Gregory Peck,https://www.imdb.com/name/nm0000060/?ref_=tt_cst_t_1,John Megna,https://www.imdb.com/name/nm0576345/?ref_=tt_cst_t_2,Frank Overton,https://www.imdb.com/name/nm0653942/?ref_=tt_cst_t_3
115,Oppenheimer,,R,,8.3,"Biography, Drama, History",https://www.imdb.com/title/tt15398776/,70.0,7,0,Cillian Murphy,https://www.imdb.com/name/nm0614165/?ref_=tt_cst_t_1,Emily Blunt,https://www.imdb.com/name/nm1289434/?ref_=tt_cst_t_2,Matt Damon,https://www.imdb.com/name/nm0000354/?ref_=tt_cst_t_3
116,Die Hard,,R,,8.2,"Action, Thriller",https://www.imdb.com/title/tt0095016/,752.0,0,4,Bruce Willis,https://www.imdb.com/name/nm0000246/?ref_=tt_cst_t_1,Alan Rickman,https://www.imdb.com/name/nm0000614/?ref_=tt_cst_t_2,Bonnie Bedelia,https://www.imdb.com/name/nm0000889/?ref_=tt_cst_t_3
117,The Sting,,PG,,8.3,"Comedy, Crime, Drama",https://www.imdb.com/title/tt0070735/,1424.0,7,0,Paul Newman,https://www.imdb.com/name/nm0000056/?ref_=tt_cst_t_1,Robert Redford,https://www.imdb.com/name/nm0000602/?ref_=tt_cst_t_2,Robert Shaw,https://www.imdb.com/name/nm0001727/?ref_=tt_cst_t_3
118,Taare Zameen Par,,PG,,8.3,"Drama, Family",https://www.imdb.com/title/tt0986264/,4610.0,0,0,Darsheel Safary,https://www.imdb.com/name/nm2594301/?ref_=tt_cst_t_1,Aamir Khan,https://www.imdb.com/name/nm0451148/?ref_=tt_cst_t_2,Tisca Chopra,https://www.imdb.com/name/nm1538116/?ref_=tt_cst_t_3
119,Indiana Jones and the Last Crusade,,PG-13,,8.2,"Action, Adventure",https://www.imdb.com/title/tt0097576/,1332.0,1,0,Harrison Ford,https://www.imdb.com/name/nm0000148/?ref_=tt_cst_t_1,Sean Connery,https://www.imdb.com/name/nm0000125/?ref_=tt_cst_t_2,Alison Doody,https://www.imdb.com/name/nm0233145/?ref_=tt_cst_t_3
120,Metropolis,,Not Rated,,8.3,"Drama, Sci-Fi",https://www.imdb.com/title/tt0017136/,2105.0,0,0,Brigitte Helm,https://www.imdb.com/name/nm0375609/?ref_=tt_cst_t_1,Alfred Abel,https://www.imdb.com/name/nm0002154/?ref_=tt_cst_t_2,Gustav Fröhlich,https://www.imdb.com/name/nm0297054/?ref_=tt_cst_t_3
121,Snatch,,R,,8.2,"Comedy, Crime",https://www.imdb.com/title/tt0208092/,390.0,0,0,Jason Statham,https://www.imdb.com/name/nm0005458/?ref_=tt_cst_t_1,Brad Pitt,https://www.imdb.com/name/nm0000093/?ref_=tt_cst_t_2,Stephen Graham,https://www.imdb.com/name/nm0334318/?ref_=tt_cst_t_3
122,1917,,R,,8.2,"Action, Drama, War",https://www.imdb.com/title/tt8579674/,511.0,3,0,Dean-Charles Chapman,https://www.imdb.com/name/nm2835616/?ref_=tt_cst_t_1,George MacKay,https://www.imdb.com/name/nm1126657/?ref_=tt_cst_t_2,Daniel Mays,https://www.imdb.com/name/nm0990547/?ref_=tt_cst_t_3
123,L.A. Confidential,,R,,8.2,"Crime, Drama, Mystery",https://www.imdb.com/title/tt0119488/,679.0,2,0,Kevin Spacey,https://www.imdb.com/name/nm0000228/?ref_=tt_cst_t_1,Russell Crowe,https://www.imdb.com/name/nm0000128/?ref_=tt_cst_t_2,Guy Pearce,https://www.imdb.com/name/nm0001602/?ref_=tt_cst_t_3
124,Ladri di biciclette,,Not Rated,,8.2,Drama,https://www.imdb.com/title/tt0040522/,4540.0,0,1,Lamberto Maggiorani,https://www.imdb.com/name/nm0536009/?ref_=tt_cst_t_1,Enzo Staiola,https://www.imdb.com/name/nm0821543/?ref_=tt_cst_t_2,Lianella Carell,https://www.imdb.com/name/nm0136794/?ref_=tt_cst_t_3
125,Der Untergang,,R,,8.2,"Biography, Drama, History",https://www.imdb.com/title/tt0363163/,888.0,0,1,Bruno Ganz,https://www.imdb.com/name/nm0004486/?ref_=tt_cst_t_1,Alexandra Maria Lara,https://www.imdb.com/name/nm0487884/?ref_=tt_cst_t_2,Ulrich Matthes,https://www.imdb.com/name/nm0559890/?ref_=tt_cst_t_3
126,Dangal,,Not Rated,,8.3,"Action, Biography, Drama",https://www.imdb.com/title/tt5074352/,,0,0,Aamir Khan,https://www.imdb.com/name/nm0451148/?ref_=tt_cst_t_1,Sakshi Tanwar,https://www.imdb.com/name/nm2799219/?ref_=tt_cst_t_2,Fatima Sana Shaikh,https://www.imdb.com/name/nm0760778/?ref_=tt_cst_t_3
127,Taxi Driver,,R,,8.2,"Crime, Drama",https://www.imdb.com/title/tt0075314/,255.0,0,4,Robert De Niro,https://www.imdb.com/name/nm0000134/?ref_=tt_cst_t_1,Jodie Foster,https://www.imdb.com/name/nm0000149/?ref_=tt_cst_t_2,Cybill Shepherd,https://www.imdb.com/name/nm0001732/?ref_=tt_cst_t_3
128,Hamilton,,PG-13,,8.3,"Biography, Drama, History",https://www.imdb.com/title/tt8503618/,1008.0,2,0,Lin-Manuel Miranda,https://www.imdb.com/name/nm0592135/?ref_=tt_cst_t_1,Phillipa Soo,https://www.imdb.com/name/nm5623883/?ref_=tt_cst_t_2,Leslie Odom Jr.,https://www.imdb.com/name/nm1502434/?ref_=tt_cst_t_3
129,The Wolf of Wall Street,,R,,8.2,"Biography, Comedy, Crime",https://www.imdb.com/title/tt0993846/,138.0,0,5,Leonardo DiCaprio,https://www.imdb.com/name/nm0000138/?ref_=tt_cst_t_1,Jonah Hill,https://www.imdb.com/name/nm1706767/?ref_=tt_cst_t_2,Margot Robbie,https://www.imdb.com/name/nm3053338/?ref_=tt_cst_t_3
130,Batman Begins,,PG-13,,8.2,"Action, Drama",https://www.imdb.com/title/tt0372784/,398.0,0,1,Christian Bale,https://www.imdb.com/name/nm0000288/?ref_=tt_cst_t_1,Michael Caine,https://www.imdb.com/name/nm0000323/?ref_=tt_cst_t_2,Ken Watanabe,https://www.imdb.com/name/nm0913822/?ref_=tt_cst_t_3
131,Green Book,,PG-13,,8.2,"Biography, Comedy, Drama",https://www.imdb.com/title/tt6966692/,279.0,3,0,Viggo Mortensen,https://www.imdb.com/name/nm0001557/?ref_=tt_cst_t_1,Mahershala Ali,https://www.imdb.com/name/nm0991810/?ref_=tt_cst_t_2,Linda Cardellini,https://www.imdb.com/name/nm0004802/?ref_=tt_cst_t_3
132,Per qualche dollaro in più,,R,,8.2,"Drama, Western",https://www.imdb.com/title/tt0059578/,1922.0,0,0,Clint Eastwood,https://www.imdb.com/name/nm0000142/?ref_=tt_cst_t_1,Lee Van Cleef,https://www.imdb.com/name/nm0001812/?ref_=tt_cst_t_2,Gian Maria Volontè,https://www.imdb.com/name/nm0002231/?ref_=tt_cst_t_3
133,Judgment at Nuremberg,,Approved,,8.3,"Drama, War",https://www.imdb.com/title/tt0055031/,1836.0,2,0,Spencer Tracy,https://www.imdb.com/name/nm0000075/?ref_=tt_cst_t_1,Burt Lancaster,https://www.imdb.com/name/nm0000044/?ref_=tt_cst_t_2,Richard Widmark,https://www.imdb.com/name/nm0001847/?ref_=tt_cst_t_3
134,Some Like It Hot,,Approved,,8.2,"Comedy, Music, Romance",https://www.imdb.com/title/tt0053291/,1001.0,1,0,Marilyn Monroe,https://www.imdb.com/name/nm0000054/?ref_=tt_cst_t_1,Tony Curtis,https://www.imdb.com/name/nm0000348/?ref_=tt_cst_t_2,Jack Lemmon,https://www.imdb.com/name/nm0000493/?ref_=tt_cst_t_3
135,The Truman Show,,PG,,8.2,"Comedy, Drama",https://www.imdb.com/title/tt0120382/,309.0,0,3,Jim Carrey,https://www.imdb.com/name/nm0000120/?ref_=tt_cst_t_1,Ed Harris,https://www.imdb.com/name/nm0000438/?ref_=tt_cst_t_2,Laura Linney,https://www.imdb.com/name/nm0001473/?ref_=tt_cst_t_3
136,The Kid,,Passed,,8.2,"Comedy, Drama, Family",https://www.imdb.com/title/tt0012349/,,0,0,Charles Chaplin,https://www.imdb.com/name/nm0000122/?ref_=tt_cst_t_1,Edna Purviance,https://www.imdb.com/name/nm0701012/?ref_=tt_cst_t_2,Jackie Coogan,https://www.imdb.com/name/nm0001067/?ref_=tt_cst_t_3
137,Shutter Island,,R,,8.2,"Drama, Mystery, Thriller",https://www.imdb.com/title/tt1130884/,262.0,0,0,Leonardo DiCaprio,https://www.imdb.com/name/nm0000138/?ref_=tt_cst_t_1,Emily Mortimer,https://www.imdb.com/name/nm0607865/?ref_=tt_cst_t_2,Mark Ruffalo,https://www.imdb.com/name/nm0749263/?ref_=tt_cst_t_3
138,The Father,,PG-13,,8.2,"Drama, Mystery",https://www.imdb.com/title/tt10272386/,870.0,2,0,Anthony Hopkins,https://www.imdb.com/name/nm0000164/?ref_=tt_cst_t_1,Olivia Colman,https://www.imdb.com/name/nm1469236/?ref_=tt_cst_t_2,Mark Gatiss,https://www.imdb.com/name/nm0309693/?ref_=tt_cst_t_3
139,All About Eve,,Approved,,8.2,Drama,https://www.imdb.com/title/tt0042192/,3136.0,6,0,Bette Davis,https://www.imdb.com/name/nm0000012/?ref_=tt_cst_t_1,Anne Baxter,https://www.imdb.com/name/nm0000879/?ref_=tt_cst_t_2,George Sanders,https://www.imdb.com/name/nm0001695/?ref_=tt_cst_t_3
140,Ainda Estou Aqui,,PG-13,,8.5,"Biography, Drama, History",https://www.imdb.com/title/tt14961016/,9.0,1,0,Fernanda Torres,https://www.imdb.com/name/nm0868639/?ref_=tt_cst_t_1,Fernanda Montenegro,https://www.imdb.com/name/nm0005244/?ref_=tt_cst_t_2,Selton Mello,https://www.imdb.com/name/nm0578080/?ref_=tt_cst_t_3
141,Jurassic Park,,PG-13,,8.2,"Action, Adventure, Sci-Fi",https://www.imdb.com/title/tt0107290/,225.0,3,0,Sam Neill,https://www.imdb.com/name/nm0000554/?ref_=tt_cst_t_1,Laura Dern,https://www.imdb.com/name/nm0000368/?ref_=tt_cst_t_2,Jeff Goldblum,https://www.imdb.com/name/nm0000156/?ref_=tt_cst_t_3
142,There Will Be Blood,,R,,8.2,Drama,https://www.imdb.com/title/tt0469494/,299.0,2,0,Daniel Day-Lewis,https://www.imdb.com/name/nm0000358/?ref_=tt_cst_t_1,Paul Dano,https://www.imdb.com/name/nm0200452/?ref_=tt_cst_t_2,Ciarán Hinds,https://www.imdb.com/name/nm0001354/?ref_=tt_cst_t_3
143,Casino,,R,,8.2,"Crime, Drama",https://www.imdb.com/title/tt0112641/,480.0,0,1,Robert De Niro,https://www.imdb.com/name/nm0000134/?ref_=tt_cst_t_1,Sharon Stone,https://www.imdb.com/name/nm0000232/?ref_=tt_cst_t_2,Joe Pesci,https://www.imdb.com/name/nm0000582/?ref_=tt_cst_t_3
144,The Sixth Sense,,PG-13,,8.2,"Drama, Mystery, Thriller",https://www.imdb.com/title/tt0167404/,290.0,0,6,Bruce Willis,https://www.imdb.com/name/nm0000246/?ref_=tt_cst_t_1,Haley Joel Osment,https://www.imdb.com/name/nm0005286/?ref_=tt_cst_t_2,Toni Collette,https://www.imdb.com/name/nm0001057/?ref_=tt_cst_t_3
145,Ran,,R,,8.2,"Action, Drama, War",https://www.imdb.com/title/tt0089881/,2698.0,1,0,Tatsuya Nakadai,https://www.imdb.com/name/nm0619938/?ref_=tt_cst_t_1,Akira Terao,https://www.imdb.com/name/nm0855417/?ref_=tt_cst_t_2,Jinpachi Nezu,https://www.imdb.com/name/nm0628704/?ref_=tt_cst_t_3
146,Top Gun: Maverick,,PG-13,,8.2,"Action, Drama",https://www.imdb.com/title/tt1745960/,124.0,1,0,Tom Cruise,https://www.imdb.com/name/nm0000129/?ref_=tt_cst_t_1,Jennifer Connelly,https://www.imdb.com/name/nm0000124/?ref_=tt_cst_t_2,Miles Teller,https://www.imdb.com/name/nm1886602/?ref_=tt_cst_t_3
147,No Country for Old Men,,R,,8.2,"Crime, Drama, Thriller",https://www.imdb.com/title/tt0477348/,173.0,4,0,Tommy Lee Jones,https://www.imdb.com/name/nm0000169/?ref_=tt_cst_t_1,Javier Bardem,https://www.imdb.com/name/nm0000849/?ref_=tt_cst_t_2,Josh Brolin,https://www.imdb.com/name/nm0000982/?ref_=tt_cst_t_3
148,The Thing,,R,,8.2,"Horror, Mystery, Sci-Fi",https://www.imdb.com/title/tt0084787/,472.0,0,0,Kurt Russell,https://www.imdb.com/name/nm0000621/?ref_=tt_cst_t_1,Wilford Brimley,https://www.imdb.com/name/nm0000979/?ref_=tt_cst_t_2,Keith David,https://www.imdb.com/name/nm0202966/?ref_=tt_cst_t_3
149,El laberinto del fauno,,R,,8.2,"Drama, Fantasy, War",https://www.imdb.com/title/tt0457430/,637.0,3,0,Ivana Baquero,https://www.imdb.com/name/nm1419440/?ref_=tt_cst_t_1,Ariadna Gil,https://www.imdb.com/name/nm0317725/?ref_=tt_cst_t_2,Sergi López,https://www.imdb.com/name/nm0530365/?ref_=tt_cst_t_3
150,Unforgiven,,R,,8.2,"Drama, Western",https://www.imdb.com/title/tt0105695/,66.0,4,0,Clint Eastwood,https://www.imdb.com/name/nm0000142/?ref_=tt_cst_t_1,Gene Hackman,https://www.imdb.com/name/nm0000432/?ref_=tt_cst_t_2,Morgan Freeman,https://www.imdb.com/name/nm0000151/?ref_=tt_cst_t_3
151,A Beautiful Mind,,PG-13,,8.2,"Biography, Drama, Mystery",https://www.imdb.com/title/tt0268978/,713.0,4,0,Russell Crowe,https://www.imdb.com/name/nm0000128/?ref_=tt_cst_t_1,Ed Harris,https://www.imdb.com/name/nm0000438/?ref_=tt_cst_t_2,Jennifer Connelly,https://www.imdb.com/name/nm0000124/?ref_=tt_cst_t_3
152,Kill Bill: Vol. 1,,R,,8.2,"Action, Crime, Thriller",https://www.imdb.com/title/tt0266697/,292.0,0,5,Uma Thurman,https://www.imdb.com/name/nm0000235/?ref_=tt_cst_t_1,David Carradine,https://www.imdb.com/name/nm0001016/?ref_=tt_cst_t_2,Daryl Hannah,https://www.imdb.com/name/nm0000435/?ref_=tt_cst_t_3
153,The Treasure of the Sierra Madre,,Approved,,8.2,"Adventure, Drama, Western",https://www.imdb.com/title/tt0040897/,,3,0,Humphrey Bogart,https://www.imdb.com/name/nm0000007/?ref_=tt_cst_t_1,Walter Huston,https://www.imdb.com/name/nm0404158/?ref_=tt_cst_t_2,Tim Holt,https://www.imdb.com/name/nm0392529/?ref_=tt_cst_t_3
154,Yôjinbô,,Not Rated,,8.2,"Action, Drama, Thriller",https://www.imdb.com/title/tt0055630/,,0,1,Toshirô Mifune,https://www.imdb.com/name/nm0001536/?ref_=tt_cst_t_1,Eijirô Tôno,https://www.imdb.com/name/nm0867391/?ref_=tt_cst_t_2,Tatsuya Nakadai,https://www.imdb.com/name/nm0619938/?ref_=tt_cst_t_3
155,Prisoners,,R,,8.2,"Crime, Drama, Mystery",https://www.imdb.com/title/tt1392214/,201.0,0,1,Hugh Jackman,https://www.imdb.com/name/nm0413168/?ref_=tt_cst_t_1,Jake Gyllenhaal,https://www.imdb.com/name/nm0350453/?ref_=tt_cst_t_2,Viola Davis,https://www.imdb.com/name/nm0205626/?ref_=tt_cst_t_3
156,Finding Nemo,,G,,8.2,"Animation, Adventure, Comedy",https://www.imdb.com/title/tt0266543/,763.0,1,0,Albert Brooks,https://www.imdb.com/name/nm0000983/?ref_=tt_cst_t_1,Ellen DeGeneres,https://www.imdb.com/name/nm0001122/?ref_=tt_cst_t_2,Alexander Gould,https://www.imdb.com/name/nm1071252/?ref_=tt_cst_t_3
157,The Great Escape,,Approved,,8.2,"Adventure, Drama, Thriller",https://www.imdb.com/title/tt0057115/,2337.0,0,1,Steve McQueen,https://www.imdb.com/name/nm0000537/?ref_=tt_cst_t_1,James Garner,https://www.imdb.com/name/nm0001258/?ref_=tt_cst_t_2,Richard Attenborough,https://www.imdb.com/name/nm0000277/?ref_=tt_cst_t_3
158,Monty Python and the Holy Grail,,PG,,8.2,"Adventure, Comedy, Fantasy",https://www.imdb.com/title/tt0071853/,1147.0,0,0,Graham Chapman,https://www.imdb.com/name/nm0001037/?ref_=tt_cst_t_1,John Cleese,https://www.imdb.com/name/nm0000092/?ref_=tt_cst_t_2,Eric Idle,https://www.imdb.com/name/nm0001385/?ref_=tt_cst_t_3
159,Hauru no ugoku shiro,,PG,,8.2,"Animation, Adventure, Family",https://www.imdb.com/title/tt0347149/,836.0,0,1,Chieko Baishô,https://www.imdb.com/name/nm0047962/?ref_=tt_cst_t_1,Takuya Kimura,https://www.imdb.com/name/nm0454120/?ref_=tt_cst_t_2,Tatsuya Gashûin,https://www.imdb.com/name/nm0309107/?ref_=tt_cst_t_3
160,The Elephant Man,,PG,,8.2,"Biography, Drama",https://www.imdb.com/title/tt0080678/,1314.0,0,8,Anthony Hopkins,https://www.imdb.com/name/nm0000164/?ref_=tt_cst_t_1,John Hurt,https://www.imdb.com/name/nm0000457/?ref_=tt_cst_t_2,Anne Bancroft,https://www.imdb.com/name/nm0000843/?ref_=tt_cst_t_3
161,Dial M for Murder,,PG,,8.2,"Crime, Drama, Mystery",https://www.imdb.com/title/tt0046912/,4606.0,0,1,Ray Milland,https://www.imdb.com/name/nm0001537/?ref_=tt_cst_t_1,Grace Kelly,https://www.imdb.com/name/nm0000038/?ref_=tt_cst_t_2,Robert Cummings,https://www.imdb.com/name/nm0191950/?ref_=tt_cst_t_3
162,Gone with the Wind,,G,,8.2,"Drama, Romance, War",https://www.imdb.com/title/tt0031381/,278.0,8,0,Clark Gable,https://www.imdb.com/name/nm0000022/?ref_=tt_cst_t_1,Vivien Leigh,https://www.imdb.com/name/nm0000046/?ref_=tt_cst_t_2,Thomas Mitchell,https://www.imdb.com/name/nm0593775/?ref_=tt_cst_t_3
163,Rashômon,,Not Rated,,8.2,"Crime, Drama, Mystery",https://www.imdb.com/title/tt0042876/,4045.0,0,1,Toshirô Mifune,https://www.imdb.com/name/nm0001536/?ref_=tt_cst_t_1,Machiko Kyô,https://www.imdb.com/name/nm0477553/?ref_=tt_cst_t_2,Masayuki Mori,https://www.imdb.com/name/nm0605270/?ref_=tt_cst_t_3
164,Klaus,,PG,,8.2,"Animation, Adventure, Comedy",https://www.imdb.com/title/tt4729430/,4512.0,0,1,Jason Schwartzman,https://www.imdb.com/name/nm0005403/?ref_=tt_cst_t_1,J.K. Simmons,https://www.imdb.com/name/nm0799777/?ref_=tt_cst_t_2,Rashida Jones,https://www.imdb.com/name/nm0429069/?ref_=tt_cst_t_3
165,Chinatown,,R,,8.1,"Drama, Mystery, Thriller",https://www.imdb.com/title/tt0071315/,808.0,1,0,Jack Nicholson,https://www.imdb.com/name/nm0000197/?ref_=tt_cst_t_1,Faye Dunaway,https://www.imdb.com/name/nm0001159/?ref_=tt_cst_t_2,John Huston,https://www.imdb.com/name/nm0001379/?ref_=tt_cst_t_3
166,El secreto de sus ojos,,R,,8.2,"Drama, Mystery, Romance",https://www.imdb.com/title/tt1305806/,1520.0,1,0,Ricardo Darín,https://www.imdb.com/name/nm0201857/?ref_=tt_cst_t_1,Soledad Villamil,https://www.imdb.com/name/nm0897845/?ref_=tt_cst_t_2,Pablo Rago,https://www.imdb.com/name/nm0706567/?ref_=tt_cst_t_3
167,"Lock, Stock and Two Smoking Barrels",,R,,8.1,"Comedy, Crime",https://www.imdb.com/title/tt0120735/,1308.0,1,0,Jason Flemyng,https://www.imdb.com/name/nm0002076/?ref_=tt_cst_t_1,Dexter Fletcher,https://www.imdb.com/name/nm0002077/?ref_=tt_cst_t_2,Nick Moran,https://www.imdb.com/name/nm0602941/?ref_=tt_cst_t_3
168,V for Vendetta,,R,,8.1,"Action, Drama, Sci-Fi",https://www.imdb.com/title/tt0434409/,1102.0,0,0,Hugo Weaving,https://www.imdb.com/name/nm0915989/?ref_=tt_cst_t_1,Natalie Portman,https://www.imdb.com/name/nm0000204/?ref_=tt_cst_t_2,Rupert Graves,https://www.imdb.com/name/nm0001291/?ref_=tt_cst_t_3
169,Inside Out,,PG,,8.1,"Animation, Adventure, Comedy",https://www.imdb.com/title/tt2096673/,733.0,1,0,Amy Poehler,https://www.imdb.com/name/nm0688132/?ref_=tt_cst_t_1,Bill Hader,https://www.imdb.com/name/nm0352778/?ref_=tt_cst_t_2,Lewis Black,https://www.imdb.com/name/nm0085400/?ref_=tt_cst_t_3
170,The Wild Robot,,PG,,8.2,"Animation, Sci-Fi",https://www.imdb.com/title/tt29623480/,36.0,0,3,Lupita Nyong'o,https://www.imdb.com/name/nm2143282/?ref_=tt_cst_t_1,Pedro Pascal,https://www.imdb.com/name/nm0050959/?ref_=tt_cst_t_2,Kit Connor,https://www.imdb.com/name/nm5598573/?ref_=tt_cst_t_3
171,"Three Billboards Outside Ebbing, Missouri",,R,,8.1,"Comedy, Crime, Drama",https://www.imdb.com/title/tt5027774/,194.0,2,0,Frances McDormand,https://www.imdb.com/name/nm0000531/?ref_=tt_cst_t_1,Woody Harrelson,https://www.imdb.com/name/nm0000437/?ref_=tt_cst_t_2,Sam Rockwell,https://www.imdb.com/name/nm0005377/?ref_=tt_cst_t_3
172,The Bridge on the River Kwai,,PG,,8.1,"Adventure, Drama, War",https://www.imdb.com/title/tt0050212/,623.0,7,0,William Holden,https://www.imdb.com/name/nm0000034/?ref_=tt_cst_t_1,Alec Guinness,https://www.imdb.com/name/nm0000027/?ref_=tt_cst_t_2,Jack Hawkins,https://www.imdb.com/name/nm0370144/?ref_=tt_cst_t_3
173,Trainspotting,,R,,8.1,Drama,https://www.imdb.com/title/tt0117951/,700.0,0,1,Ewan McGregor,https://www.imdb.com/name/nm0000191/?ref_=tt_cst_t_1,Ewen Bremner,https://www.imdb.com/name/nm0001971/?ref_=tt_cst_t_2,Jonny Lee Miller,https://www.imdb.com/name/nm0001538/?ref_=tt_cst_t_3
174,Raging Bull,,R,,8.1,"Biography, Drama, Sport",https://www.imdb.com/title/tt0081398/,1263.0,2,0,Robert De Niro,https://www.imdb.com/name/nm0000134/?ref_=tt_cst_t_1,Cathy Moriarty,https://www.imdb.com/name/nm0001550/?ref_=tt_cst_t_2,Joe Pesci,https://www.imdb.com/name/nm0000582/?ref_=tt_cst_t_3
175,Catch Me If You Can,,PG-13,,8.1,"Biography, Crime, Drama",https://www.imdb.com/title/tt0264464/,673.0,0,2,Leonardo DiCaprio,https://www.imdb.com/name/nm0000138/?ref_=tt_cst_t_1,Tom Hanks,https://www.imdb.com/name/nm0000158/?ref_=tt_cst_t_2,Christopher Walken,https://www.imdb.com/name/nm0000686/?ref_=tt_cst_t_3
176,Fargo,,R,,8.1,"Crime, Drama, Thriller",https://www.imdb.com/title/tt0116282/,332.0,2,0,William H. Macy,https://www.imdb.com/name/nm0000513/?ref_=tt_cst_t_1,Frances McDormand,https://www.imdb.com/name/nm0000531/?ref_=tt_cst_t_2,Steve Buscemi,https://www.imdb.com/name/nm0000114/?ref_=tt_cst_t_3
177,Warrior,,PG-13,,8.1,"Action, Drama, Sport",https://www.imdb.com/title/tt1291584/,1453.0,0,1,Tom Hardy,https://www.imdb.com/name/nm0362766/?ref_=tt_cst_t_1,Nick Nolte,https://www.imdb.com/name/nm0000560/?ref_=tt_cst_t_2,Joel Edgerton,https://www.imdb.com/name/nm0249291/?ref_=tt_cst_t_3
178,Harry Potter and the Deathly Hallows - Part 2,,PG-13,,8.1,"Adventure, Family, Fantasy",https://www.imdb.com/title/tt1201607/,517.0,0,3,Daniel Radcliffe,https://www.imdb.com/name/nm0705356/?ref_=tt_cst_t_1,Emma Watson,https://www.imdb.com/name/nm0914612/?ref_=tt_cst_t_2,Rupert Grint,https://www.imdb.com/name/nm0342488/?ref_=tt_cst_t_3
179,Gran Torino,,R,,8.1,Drama,https://www.imdb.com/title/tt1205489/,1595.0,0,0,Clint Eastwood,https://www.imdb.com/name/nm0000142/?ref_=tt_cst_t_1,Bee Vang,https://www.imdb.com/name/nm3057402/?ref_=tt_cst_t_2,Christopher Carley,https://www.imdb.com/name/nm1542291/?ref_=tt_cst_t_3
180,Million Dollar Baby,,PG-13,,8.1,"Drama, Sport",https://www.imdb.com/title/tt0405159/,313.0,4,0,Hilary Swank,https://www.imdb.com/name/nm0005476/?ref_=tt_cst_t_1,Clint Eastwood,https://www.imdb.com/name/nm0000142/?ref_=tt_cst_t_2,Morgan Freeman,https://www.imdb.com/name/nm0000151/?ref_=tt_cst_t_3
181,Spider-Man: No Way Home,,PG-13,,8.2,"Action, Adventure, Fantasy",https://www.imdb.com/title/tt10872600/,316.0,0,1,Tom Holland,https://www.imdb.com/name/nm4043618/?ref_=tt_cst_t_1,Zendaya,https://www.imdb.com/name/nm3918035/?ref_=tt_cst_t_2,Benedict Cumberbatch,https://www.imdb.com/name/nm1212722/?ref_=tt_cst_t_3
182,Tonari no Totoro,,G,,8.1,"Animation, Comedy, Family",https://www.imdb.com/title/tt0096283/,1786.0,0,0,Hitoshi Takagi,https://www.imdb.com/name/nm0847054/?ref_=tt_cst_t_1,Noriko Hidaka,https://www.imdb.com/name/nm0383022/?ref_=tt_cst_t_2,Chika Sakamoto,https://www.imdb.com/name/nm0757076/?ref_=tt_cst_t_3
183,Mad Max: Fury Road,,R,,8.1,"Action, Adventure, Sci-Fi",https://www.imdb.com/title/tt1392190/,206.0,6,0,Tom Hardy,https://www.imdb.com/name/nm0362766/?ref_=tt_cst_t_1,Charlize Theron,https://www.imdb.com/name/nm0000234/?ref_=tt_cst_t_2,Nicholas Hoult,https://www.imdb.com/name/nm0396558/?ref_=tt_cst_t_3
184,Ben-Hur,,G,,8.1,"Adventure, Drama",https://www.imdb.com/title/tt0052618/,1581.0,11,0,Charlton Heston,https://www.imdb.com/name/nm0000032/?ref_=tt_cst_t_1,Jack Hawkins,https://www.imdb.com/name/nm0370144/?ref_=tt_cst_t_2,Stephen Boyd,https://www.imdb.com/name/nm0000963/?ref_=tt_cst_t_3
185,Bacheha-ye aseman,,PG,,8.2,"Drama, Family, Sport",https://www.imdb.com/title/tt0118849/,,0,1,Reza Naji,https://www.imdb.com/name/nm0619870/?ref_=tt_cst_t_1,Amir Farrokh Hashemian,https://www.imdb.com/name/nm0268488/?ref_=tt_cst_t_2,Bahare Seddiqi,https://www.imdb.com/name/nm0781245/?ref_=tt_cst_t_3
186,Barry Lyndon,,PG,,8.1,"Adventure, Drama, War",https://www.imdb.com/title/tt0072684/,987.0,4,0,Ryan O'Neal,https://www.imdb.com/name/nm0641939/?ref_=tt_cst_t_1,Marisa Berenson,https://www.imdb.com/name/nm0001943/?ref_=tt_cst_t_2,Patrick Magee,https://www.imdb.com/name/nm0535861/?ref_=tt_cst_t_3
187,12 Years a Slave,,R,,8.1,"Biography, Drama, History",https://www.imdb.com/title/tt2024544/,691.0,3,0,Chiwetel Ejiofor,https://www.imdb.com/name/nm0252230/?ref_=tt_cst_t_1,Michael Kenneth Williams,https://www.imdb.com/name/nm0931324/?ref_=tt_cst_t_2,Michael Fassbender,https://www.imdb.com/name/nm1055413/?ref_=tt_cst_t_3
188,Before Sunrise,,R,,8.1,"Drama, Romance",https://www.imdb.com/title/tt0112471/,1202.0,0,0,Ethan Hawke,https://www.imdb.com/name/nm0000160/?ref_=tt_cst_t_1,Julie Delpy,https://www.imdb.com/name/nm0000365/?ref_=tt_cst_t_2,Andrea Eckert,https://www.imdb.com/name/nm0248600/?ref_=tt_cst_t_3
189,Blade Runner,,R,,8.1,"Action, Drama, Sci-Fi",https://www.imdb.com/title/tt0083658/,317.0,0,2,Harrison Ford,https://www.imdb.com/name/nm0000148/?ref_=tt_cst_t_1,Rutger Hauer,https://www.imdb.com/name/nm0000442/?ref_=tt_cst_t_2,Sean Young,https://www.imdb.com/name/nm0000707/?ref_=tt_cst_t_3
190,Dead Poets Society,,PG,,8.1,"Comedy, Drama",https://www.imdb.com/title/tt0097165/,463.0,1,0,Robin Williams,https://www.imdb.com/name/nm0000245/?ref_=tt_cst_t_1,Robert Sean Leonard,https://www.imdb.com/name/nm0000494/?ref_=tt_cst_t_2,Ethan Hawke,https://www.imdb.com/name/nm0000160/?ref_=tt_cst_t_3
191,The Grand Budapest Hotel,,R,,8.1,"Adventure, Comedy, Crime",https://www.imdb.com/title/tt2278388/,263.0,4,0,Ralph Fiennes,https://www.imdb.com/name/nm0000146/?ref_=tt_cst_t_1,F. Murray Abraham,https://www.imdb.com/name/nm0000719/?ref_=tt_cst_t_2,Mathieu Amalric,https://www.imdb.com/name/nm0023832/?ref_=tt_cst_t_3
192,Hacksaw Ridge,,R,,8.1,"Biography, Drama, History",https://www.imdb.com/title/tt2119532/,456.0,2,0,Andrew Garfield,https://www.imdb.com/name/nm1940449/?ref_=tt_cst_t_1,Sam Worthington,https://www.imdb.com/name/nm0941777/?ref_=tt_cst_t_2,Luke Bracey,https://www.imdb.com/name/nm3478396/?ref_=tt_cst_t_3
193,Gone Girl,,R,,8.1,"Drama, Mystery, Thriller",https://www.imdb.com/title/tt2267998/,214.0,0,1,Ben Affleck,https://www.imdb.com/name/nm0000255/?ref_=tt_cst_t_1,Rosamund Pike,https://www.imdb.com/name/nm0683253/?ref_=tt_cst_t_2,Neil Patrick Harris,https://www.imdb.com/name/nm0000439/?ref_=tt_cst_t_3
194,Salinui chueok,,Not Rated,,8.1,"Crime, Drama, Mystery",https://www.imdb.com/title/tt0353969/,424.0,0,0,Song Kang-ho,https://www.imdb.com/name/nm0814280/?ref_=tt_cst_t_1,Kim Sang-kyung,https://www.imdb.com/name/nm1235292/?ref_=tt_cst_t_2,Kim Roe-ha,https://www.imdb.com/name/nm1323287/?ref_=tt_cst_t_3
195,In the Name of the Father,,R,,8.1,"Biography, Crime, Drama",https://www.imdb.com/title/tt0107207/,2862.0,0,7,Daniel Day-Lewis,https://www.imdb.com/name/nm0000358/?ref_=tt_cst_t_1,Pete Postlethwaite,https://www.imdb.com/name/nm0000592/?ref_=tt_cst_t_2,Alison Crosbie,https://www.imdb.com/name/nm0188949/?ref_=tt_cst_t_3
196,"Monsters, Inc.",,G,,8.1,"Animation, Adventure, Comedy",https://www.imdb.com/title/tt0198781/,993.0,1,0,Billy Crystal,https://www.imdb.com/name/nm0000345/?ref_=tt_cst_t_1,John Goodman,https://www.imdb.com/name/nm0000422/?ref_=tt_cst_t_2,Mary Gibbs,https://www.imdb.com/name/nm0316701/?ref_=tt_cst_t_3
197,Ratatouille,,G,,8.1,"Animation, Adventure, Comedy",https://www.imdb.com/title/tt0382932/,369.0,1,0,Brad Garrett,https://www.imdb.com/name/nm0004951/?ref_=tt_cst_t_1,Lou Romano,https://www.imdb.com/name/nm0738918/?ref_=tt_cst_t_2,Patton Oswalt,https://www.imdb.com/name/nm0652663/?ref_=tt_cst_t_3
198,The Gold Rush,,Approved,,8.1,"Adventure, Comedy, Drama",https://www.imdb.com/title/tt0015864/,,0,2,Charles Chaplin,https://www.imdb.com/name/nm0000122/?ref_=tt_cst_t_1,Mack Swain,https://www.imdb.com/name/nm0841501/?ref_=tt_cst_t_2,Tom Murray,https://www.imdb.com/name/nm0615306/?ref_=tt_cst_t_3
199,Relatos salvajes,,R,,8.1,"Comedy, Drama, Thriller",https://www.imdb.com/title/tt3011894/,2619.0,0,1,Darío Grandinetti,https://www.imdb.com/name/nm0334882/?ref_=tt_cst_t_1,María Marull,https://www.imdb.com/name/nm0555404/?ref_=tt_cst_t_2,Mónica Villa,https://www.imdb.com/name/nm0897640/?ref_=tt_cst_t_3
200,How to Train Your Dragon,,PG,,8.1,"Animation, Action, Adventure",https://www.imdb.com/title/tt0892769/,622.0,0,2,Jay Baruchel,https://www.imdb.com/name/nm0059431/?ref_=tt_cst_t_1,Gerard Butler,https://www.imdb.com/name/nm0124930/?ref_=tt_cst_t_2,Christopher Mintz-Plasse,https://www.imdb.com/name/nm2395586/?ref_=tt_cst_t_3
201,Sherlock Jr.,,Passed,,8.2,"Action, Comedy, Romance",https://www.imdb.com/title/tt0015324/,,0,0,Buster Keaton,https://www.imdb.com/name/nm0000036/?ref_=tt_cst_t_1,Kathryn McGuire,https://www.imdb.com/name/nm0570230/?ref_=tt_cst_t_2,Joe Keaton,https://www.imdb.com/name/nm0444172/?ref_=tt_cst_t_3
202,Jaws,,PG,,8.1,"Adventure, Drama, Horror",https://www.imdb.com/title/tt0073195/,436.0,3,0,Roy Scheider,https://www.imdb.com/name/nm0001702/?ref_=tt_cst_t_1,Robert Shaw,https://www.imdb.com/name/nm0001727/?ref_=tt_cst_t_2,Richard Dreyfuss,https://www.imdb.com/name/nm0000377/?ref_=tt_cst_t_3
203,Mary and Max.,,Not Rated,,8.1,"Animation, Comedy, Drama",https://www.imdb.com/title/tt0978762/,2900.0,0,0,Toni Collette,https://www.imdb.com/name/nm0001057/?ref_=tt_cst_t_1,Philip Seymour Hoffman,https://www.imdb.com/name/nm0000450/?ref_=tt_cst_t_2,Eric Bana,https://www.imdb.com/name/nm0051509/?ref_=tt_cst_t_3
204,The Deer Hunter,,R,,8.1,"Drama, War",https://www.imdb.com/title/tt0077416/,665.0,5,0,Robert De Niro,https://www.imdb.com/name/nm0000134/?ref_=tt_cst_t_1,Christopher Walken,https://www.imdb.com/name/nm0000686/?ref_=tt_cst_t_2,John Cazale,https://www.imdb.com/name/nm0001030/?ref_=tt_cst_t_3
205,The General,,Passed,,8.1,"Action, Adventure, Comedy",https://www.imdb.com/title/tt0017925/,,0,0,Buster Keaton,https://www.imdb.com/name/nm0000036/?ref_=tt_cst_t_1,Marion Mack,https://www.imdb.com/name/nm0533045/?ref_=tt_cst_t_2,Glen Cavender,https://www.imdb.com/name/nm0147070/?ref_=tt_cst_t_3
206,Ford v Ferrari,,PG-13,,8.1,"Action, Biography, Drama",https://www.imdb.com/title/tt1950186/,546.0,2,0,Matt Damon,https://www.imdb.com/name/nm0000354/?ref_=tt_cst_t_1,Christian Bale,https://www.imdb.com/name/nm0000288/?ref_=tt_cst_t_2,Jon Bernthal,https://www.imdb.com/name/nm1256532/?ref_=tt_cst_t_3
207,Le salaire de la peur,,Not Rated,,8.1,"Adventure, Drama, Thriller",https://www.imdb.com/title/tt0046268/,3941.0,1,0,Yves Montand,https://www.imdb.com/name/nm0598971/?ref_=tt_cst_t_1,Charles Vanel,https://www.imdb.com/name/nm0889024/?ref_=tt_cst_t_2,Peter van Eyck,https://www.imdb.com/name/nm0886870/?ref_=tt_cst_t_3
208,On the Waterfront,,Approved,,8.1,"Crime, Drama, Thriller",https://www.imdb.com/title/tt0047296/,2540.0,8,0,Marlon Brando,https://www.imdb.com/name/nm0000008/?ref_=tt_cst_t_1,Karl Malden,https://www.imdb.com/name/nm0001500/?ref_=tt_cst_t_2,Lee J. Cobb,https://www.imdb.com/name/nm0002011/?ref_=tt_cst_t_3
209,Mr. Smith Goes to Washington,,Approved,,8.1,"Comedy, Drama",https://www.imdb.com/title/tt0031679/,,1,0,James Stewart,https://www.imdb.com/name/nm0000071/?ref_=tt_cst_t_1,Jean Arthur,https://www.imdb.com/name/nm0000795/?ref_=tt_cst_t_2,Claude Rains,https://www.imdb.com/name/nm0001647/?ref_=tt_cst_t_3
210,Smultronstället,,Not Rated,,8.1,"Drama, Romance",https://www.imdb.com/title/tt0050986/,,0,1,Victor Sjöström,https://www.imdb.com/name/nm0803705/?ref_=tt_cst_t_1,Bibi Andersson,https://www.imdb.com/name/nm0000761/?ref_=tt_cst_t_2,Ingrid Thulin,https://www.imdb.com/name/nm0862026/?ref_=tt_cst_t_3
211,Logan,,R,,8.1,"Action, Drama, Sci-Fi",https://www.imdb.com/title/tt3315342/,1042.0,0,1,Hugh Jackman,https://www.imdb.com/name/nm0413168/?ref_=tt_cst_t_1,Patrick Stewart,https://www.imdb.com/name/nm0001772/?ref_=tt_cst_t_2,Dafne Keen,https://www.imdb.com/name/nm6748436/?ref_=tt_cst_t_3
212,The Third Man,,Approved,,8.1,"Drama, Film-Noir, Mystery",https://www.imdb.com/title/tt0041959/,3399.0,1,0,Orson Welles,https://www.imdb.com/name/nm0000080/?ref_=tt_cst_t_1,Joseph Cotten,https://www.imdb.com/name/nm0001072/?ref_=tt_cst_t_2,Alida Valli,https://www.imdb.com/name/nm0885098/?ref_=tt_cst_t_3
213,Maharaja,,,,8.4,"Action, Crime, Drama",https://www.imdb.com/title/tt26548265/,2039.0,0,0,Vijay Sethupathi,https://www.imdb.com/name/nm4043111/?ref_=tt_cst_t_1,Anurag Kashyap,https://www.imdb.com/name/nm0440604/?ref_=tt_cst_t_2,Mamta Mohandas,https://www.imdb.com/name/nm1952830/?ref_=tt_cst_t_3
214,Rocky,,PG,,8.1,"Drama, Sport",https://www.imdb.com/title/tt0075148/,482.0,3,0,Sylvester Stallone,https://www.imdb.com/name/nm0000230/?ref_=tt_cst_t_1,Talia Shire,https://www.imdb.com/name/nm0001735/?ref_=tt_cst_t_2,Burt Young,https://www.imdb.com/name/nm0949350/?ref_=tt_cst_t_3
215,Tôkyô monogatari,,Not Rated,,8.1,Drama,https://www.imdb.com/title/tt0046438/,,0,0,Chishû Ryû,https://www.imdb.com/name/nm0753479/?ref_=tt_cst_t_1,Chieko Higashiyama,https://www.imdb.com/name/nm0383261/?ref_=tt_cst_t_2,Sô Yamamura,https://www.imdb.com/name/nm0945522/?ref_=tt_cst_t_3
216,The Big Lebowski,,R,,8.1,"Comedy, Crime",https://www.imdb.com/title/tt0118715/,302.0,0,0,Jeff Bridges,https://www.imdb.com/name/nm0000313/?ref_=tt_cst_t_1,John Goodman,https://www.imdb.com/name/nm0000422/?ref_=tt_cst_t_2,Julianne Moore,https://www.imdb.com/name/nm0000194/?ref_=tt_cst_t_3
217,Spotlight,,R,,8.1,"Biography, Crime, Drama",https://www.imdb.com/title/tt1895587/,697.0,2,0,Mark Ruffalo,https://www.imdb.com/name/nm0749263/?ref_=tt_cst_t_1,Michael Keaton,https://www.imdb.com/name/nm0000474/?ref_=tt_cst_t_2,Rachel McAdams,https://www.imdb.com/name/nm1046097/?ref_=tt_cst_t_3
218,Det sjunde inseglet,,Not Rated,,8.1,"Drama, Fantasy",https://www.imdb.com/title/tt0050976/,2607.0,0,0,Max von Sydow,https://www.imdb.com/name/nm0001884/?ref_=tt_cst_t_1,Gunnar Björnstrand,https://www.imdb.com/name/nm0085038/?ref_=tt_cst_t_2,Bengt Ekerot,https://www.imdb.com/name/nm0252345/?ref_=tt_cst_t_3
219,The Terminator,,R,,8.1,"Action, Adventure, Sci-Fi",https://www.imdb.com/title/tt0088247/,495.0,0,0,Arnold Schwarzenegger,https://www.imdb.com/name/nm0000216/?ref_=tt_cst_t_1,Linda Hamilton,https://www.imdb.com/name/nm0000157/?ref_=tt_cst_t_2,Michael Biehn,https://www.imdb.com/name/nm0000299/?ref_=tt_cst_t_3
220,Room,,R,,8.1,"Drama, Thriller",https://www.imdb.com/title/tt3170832/,872.0,1,0,Brie Larson,https://www.imdb.com/name/nm0488953/?ref_=tt_cst_t_1,Jacob Tremblay,https://www.imdb.com/name/nm5016878/?ref_=tt_cst_t_2,Sean Bridgers,https://www.imdb.com/name/nm0108703/?ref_=tt_cst_t_3
221,Pirates of the Caribbean: The Curse of the Black Pearl,,PG-13,,8.1,"Action, Adventure, Fantasy",https://www.imdb.com/title/tt0325980/,236.0,0,5,Johnny Depp,https://www.imdb.com/name/nm0000136/?ref_=tt_cst_t_1,Geoffrey Rush,https://www.imdb.com/name/nm0001691/?ref_=tt_cst_t_2,Orlando Bloom,https://www.imdb.com/name/nm0089217/?ref_=tt_cst_t_3
222,La haine,,Not Rated,,8.1,"Crime, Drama",https://www.imdb.com/title/tt0113247/,2070.0,0,0,Vincent Cassel,https://www.imdb.com/name/nm0001993/?ref_=tt_cst_t_1,Hubert Koundé,https://www.imdb.com/name/nm0468003/?ref_=tt_cst_t_2,Saïd Taghmaoui,https://www.imdb.com/name/nm0846548/?ref_=tt_cst_t_3
223,Hotel Rwanda,,PG-13,,8.1,"Biography, Drama, History",https://www.imdb.com/title/tt0395169/,3527.0,0,3,Don Cheadle,https://www.imdb.com/name/nm0000332/?ref_=tt_cst_t_1,Sophie Okonedo,https://www.imdb.com/name/nm0645683/?ref_=tt_cst_t_2,Joaquin Phoenix,https://www.imdb.com/name/nm0001618/?ref_=tt_cst_t_3
224,Jai Bhim,,Approved,,8.7,"Crime, Drama",https://www.imdb.com/title/tt15097216/,,0,0,Suriya,https://www.imdb.com/name/nm1421814/?ref_=tt_cst_t_1,Lijo Mol Jose,https://www.imdb.com/name/nm7934649/?ref_=tt_cst_t_2,Manikandan K.,https://www.imdb.com/name/nm8904193/?ref_=tt_cst_t_3
225,Platoon,,R,,8.1,"Drama, War",https://www.imdb.com/title/tt0091763/,519.0,4,0,Charlie Sheen,https://www.imdb.com/name/nm0000221/?ref_=tt_cst_t_1,Tom Berenger,https://www.imdb.com/name/nm0000297/?ref_=tt_cst_t_2,Willem Dafoe,https://www.imdb.com/name/nm0000353/?ref_=tt_cst_t_3
226,Before Sunset,,R,,8.1,"Drama, Romance",https://www.imdb.com/title/tt0381681/,3008.0,0,1,Ethan Hawke,https://www.imdb.com/name/nm0000160/?ref_=tt_cst_t_1,Julie Delpy,https://www.imdb.com/name/nm0000365/?ref_=tt_cst_t_2,Vernon Dobtcheff,https://www.imdb.com/name/nm0229943/?ref_=tt_cst_t_3
227,The Best Years of Our Lives,,Approved,,8.1,"Drama, Romance, War",https://www.imdb.com/title/tt0036868/,3910.0,7,0,Myrna Loy,https://www.imdb.com/name/nm0001485/?ref_=tt_cst_t_1,Dana Andrews,https://www.imdb.com/name/nm0000763/?ref_=tt_cst_t_2,Fredric March,https://www.imdb.com/name/nm0545298/?ref_=tt_cst_t_3
228,The Exorcist,,R,,8.1,Horror,https://www.imdb.com/title/tt0070047/,917.0,2,0,Ellen Burstyn,https://www.imdb.com/name/nm0000995/?ref_=tt_cst_t_1,Max von Sydow,https://www.imdb.com/name/nm0001884/?ref_=tt_cst_t_2,Linda Blair,https://www.imdb.com/name/nm0000304/?ref_=tt_cst_t_3
229,La passion de Jeanne d&apos;Arc,,Passed,,8.1,"Biography, Drama, History",https://www.imdb.com/title/tt0019254/,,0,0,Maria Falconetti,https://www.imdb.com/name/nm0266029/?ref_=tt_cst_t_1,Eugene Silvain,https://www.imdb.com/name/nm0798564/?ref_=tt_cst_t_2,André Berley,https://www.imdb.com/name/nm0075551/?ref_=tt_cst_t_3
230,The Wizard of Oz,,G,,8.1,"Adventure, Family, Fantasy",https://www.imdb.com/title/tt0032138/,410.0,2,0,Judy Garland,https://www.imdb.com/name/nm0000023/?ref_=tt_cst_t_1,Frank Morgan,https://www.imdb.com/name/nm0604656/?ref_=tt_cst_t_2,Ray Bolger,https://www.imdb.com/name/nm0001961/?ref_=tt_cst_t_3
231,The Incredibles,,PG,,8.0,"Animation, Action, Adventure",https://www.imdb.com/title/tt0317705/,613.0,2,0,Craig T. Nelson,https://www.imdb.com/name/nm0005266/?ref_=tt_cst_t_1,Samuel L. Jackson,https://www.imdb.com/name/nm0000168/?ref_=tt_cst_t_2,Holly Hunter,https://www.imdb.com/name/nm0000456/?ref_=tt_cst_t_3
232,Kimetsu no Yaiba: Tsuzumi Yashiki-hen,,,,8.6,"Animation, Action, Fantasy",https://www.imdb.com/title/tt16492678/,,0,0,,,,,,
233,The Sound of Music,,G,,8.1,"Biography, Drama, Family",https://www.imdb.com/title/tt0059742/,415.0,5,0,Julie Andrews,https://www.imdb.com/name/nm0000267/?ref_=tt_cst_t_1,Christopher Plummer,https://www.imdb.com/name/nm0001626/?ref_=tt_cst_t_2,Eleanor Parker,https://www.imdb.com/name/nm0662223/?ref_=tt_cst_t_3
234,Rush,,R,,8.1,"Biography, Drama, Sport",https://www.imdb.com/title/tt1979320/,1530.0,1,0,Daniel Brühl,https://www.imdb.com/name/nm0117709/?ref_=tt_cst_t_1,Chris Hemsworth,https://www.imdb.com/name/nm1165110/?ref_=tt_cst_t_2,Olivia Wilde,https://www.imdb.com/name/nm1312575/?ref_=tt_cst_t_3
235,Hachi: A Dog&apos;s Tale,,G,,8.1,"Biography, Drama, Family",https://www.imdb.com/title/tt1028532/,1796.0,0,0,Richard Gere,https://www.imdb.com/name/nm0000152/?ref_=tt_cst_t_1,Joan Allen,https://www.imdb.com/name/nm0000260/?ref_=tt_cst_t_2,Cary-Hiroyuki Tagawa,https://www.imdb.com/name/nm0846480/?ref_=tt_cst_t_3
236,Stand by Me,,R,,8.1,"Adventure, Comedy, Drama",https://www.imdb.com/title/tt0092005/,404.0,0,1,Wil Wheaton,https://www.imdb.com/name/nm0000696/?ref_=tt_cst_t_1,River Phoenix,https://www.imdb.com/name/nm0000203/?ref_=tt_cst_t_2,Corey Feldman,https://www.imdb.com/name/nm0000397/?ref_=tt_cst_t_3
237,Network,,R,,8.1,Drama,https://www.imdb.com/title/tt0074958/,1553.0,4,0,Faye Dunaway,https://www.imdb.com/name/nm0001159/?ref_=tt_cst_t_1,William Holden,https://www.imdb.com/name/nm0000034/?ref_=tt_cst_t_2,Peter Finch,https://www.imdb.com/name/nm0002075/?ref_=tt_cst_t_3
238,Babam ve Oglum,,Not Rated,,8.2,"Drama, Family",https://www.imdb.com/title/tt0476735/,,0,0,Çetin Tekindor,https://www.imdb.com/name/nm1002038/?ref_=tt_cst_t_1,Fikret Kuskan,https://www.imdb.com/name/nm0476334/?ref_=tt_cst_t_2,Hümeyra,https://www.imdb.com/name/nm0406157/?ref_=tt_cst_t_3
239,Ah-ga-ssi,,Not Rated,,8.1,"Drama, Romance, Thriller",https://www.imdb.com/title/tt4016934/,485.0,1,0,Kim Min-hee,https://www.imdb.com/name/nm1195119/?ref_=tt_cst_t_1,Ha Jung-woo,https://www.imdb.com/name/nm1978402/?ref_=tt_cst_t_2,Cho Jin-woong,https://www.imdb.com/name/nm2437361/?ref_=tt_cst_t_3
240,The Iron Giant,,PG,,8.1,"Animation, Action, Adventure",https://www.imdb.com/title/tt0129167/,2719.0,1,0,Eli Marienthal,https://www.imdb.com/name/nm0547349/?ref_=tt_cst_t_1,Harry Connick Jr.,https://www.imdb.com/name/nm0001065/?ref_=tt_cst_t_2,Jennifer Aniston,https://www.imdb.com/name/nm0000098/?ref_=tt_cst_t_3
241,To Be or Not to Be,,Approved,,8.1,"Comedy, Romance, War",https://www.imdb.com/title/tt0035446/,,0,1,Carole Lombard,https://www.imdb.com/name/nm0001479/?ref_=tt_cst_t_1,Jack Benny,https://www.imdb.com/name/nm0000912/?ref_=tt_cst_t_2,Robert Stack,https://www.imdb.com/name/nm0821041/?ref_=tt_cst_t_3
242,La battaglia di Algeri,,Not Rated,,8.1,"Drama, War",https://www.imdb.com/title/tt0058946/,,0,3,Brahim Hadjadj,https://www.imdb.com/name/nm0352835/?ref_=tt_cst_t_1,Jean Martin,https://www.imdb.com/name/nm0552483/?ref_=tt_cst_t_2,Yacef Saadi,https://www.imdb.com/name/nm0754272/?ref_=tt_cst_t_3
243,Into the Wild,,R,,8.1,"Adventure, Biography, Drama",https://www.imdb.com/title/tt0758758/,693.0,0,2,Emile Hirsch,https://www.imdb.com/name/nm0386472/?ref_=tt_cst_t_1,Vince Vaughn,https://www.imdb.com/name/nm0000681/?ref_=tt_cst_t_2,Catherine Keener,https://www.imdb.com/name/nm0001416/?ref_=tt_cst_t_3
244,The Grapes of Wrath,,Approved,,8.1,Drama,https://www.imdb.com/title/tt0032551/,3106.0,2,0,Henry Fonda,https://www.imdb.com/name/nm0000020/?ref_=tt_cst_t_1,Jane Darwell,https://www.imdb.com/name/nm0002034/?ref_=tt_cst_t_2,John Carradine,https://www.imdb.com/name/nm0001017/?ref_=tt_cst_t_3
245,Groundhog Day,,PG,,8.0,"Comedy, Drama, Fantasy",https://www.imdb.com/title/tt0107048/,1078.0,1,0,Bill Murray,https://www.imdb.com/name/nm0000195/?ref_=tt_cst_t_1,Andie MacDowell,https://www.imdb.com/name/nm0000510/?ref_=tt_cst_t_2,Chris Elliott,https://www.imdb.com/name/nm0254402/?ref_=tt_cst_t_3
246,Koe no katachi,,Not Rated,,8.1,"Animation, Drama",https://www.imdb.com/title/tt5323662/,1755.0,0,0,Miyu Irino,https://www.imdb.com/name/nm0997115/?ref_=tt_cst_t_1,Saori Hayami,https://www.imdb.com/name/nm2977461/?ref_=tt_cst_t_2,Aoi Yûki,https://www.imdb.com/name/nm2976492/?ref_=tt_cst_t_3
247,The Help,,PG-13,,8.1,Drama,https://www.imdb.com/title/tt1454029/,443.0,1,0,Viola Davis,https://www.imdb.com/name/nm0205626/?ref_=tt_cst_t_1,Emma Stone,https://www.imdb.com/name/nm1297015/?ref_=tt_cst_t_2,Octavia Spencer,https://www.imdb.com/name/nm0818055/?ref_=tt_cst_t_3
248,Amores perros,,R,,8.0,"Drama, Thriller",https://www.imdb.com/title/tt0245712/,1789.0,0,1,Emilio Echevarría,https://www.imdb.com/name/nm0248408/?ref_=tt_cst_t_1,Gael García Bernal,https://www.imdb.com/name/nm0305558/?ref_=tt_cst_t_2,Goya Toledo,https://www.imdb.com/name/nm0865949/?ref_=tt_cst_t_3
249,Rebecca,,Approved,,8.1,"Drama, Mystery, Romance",https://www.imdb.com/title/tt0032976/,1950.0,2,0,Laurence Olivier,https://www.imdb.com/name/nm0000059/?ref_=tt_cst_t_1,Joan Fontaine,https://www.imdb.com/name/nm0000021/?ref_=tt_cst_t_2,George Sanders,https://www.imdb.com/name/nm0001695/?ref_=tt_cst_t_3
250,Gangs of Wasseypur,,Not Rated,,8.2,"Action, Comedy, Crime",https://www.imdb.com/title/tt1954470/,,0,0,Manoj Bajpayee,https://www.imdb.com/name/nm0048075/?ref_=tt_cst_t_1,Nawazuddin Siddiqui,https://www.imdb.com/name/nm1596350/?ref_=tt_cst_t_2,Tigmanshu Dhulia,https://www.imdb.com/name/nm0223606/?ref_=tt_cst_t_3
